CREATE TABLE [dbo].[DOCUMENT_RECORDS](
	[FILE_ID] [nvarchar](100) NULL,
	[ABSOLUTE_FILE_PATH] [nvarchar](450) NOT NULL,
	[ERROR_MESSAGE] [nvarchar](1024) NULL,
	[EXTRACTED] [bit] NULL,
	[INDEXED] [bit] NULL,
	[EXTRACTION_TIME] [float] NULL,
	[INDEXING_TIME] [float] NULL,
	[FAIL_COUNT] [int] NULL,
	[REPOSITORY_TYPE] [nvarchar](30) NULL,
	[FILE_TYPE] [nvarchar](255) NULL,
	[FILE_SIZE] [numeric](19) NULL,
	[LAST_UPDATED] [datetime] NULL,
	[LAST_MODIFIED] [numeric](19) NULL,
	PRIMARY KEY CLUSTERED(
		[ABSOLUTE_FILE_PATH] ASC
	) WITH (PAD_INDEX = OFF, STATISTICS_NORECOMPUTE = OFF, IGNORE_DUP_KEY = OFF, ALLOW_ROW_LOCKS = ON, ALLOW_PAGE_LOCKS = ON)
	ON [PRIMARY]
) ON [PRIMARY]
-EOL-
CREATE TABLE [dbo].[METADATA_FIELDS](
	[FIELD_NAME] [nvarchar](100) NOT NULL,
	[DISPLAY_ORDER] [int] NOT NULL,
	[DISPLAY_NAME] [nvarchar](100) NOT NULL,
	[UI_DATA_TYPE] [nvarchar](10) NOT NULL,
	[STORAGE_DATA_TYPE] [nvarchar](10) NOT NULL,
	[VISIBLE] [bit] NOT NULL,
	PRIMARY KEY CLUSTERED(
		[FIELD_NAME] ASC
	) WITH (PAD_INDEX = OFF, STATISTICS_NORECOMPUTE = OFF, IGNORE_DUP_KEY = OFF, ALLOW_ROW_LOCKS = ON, ALLOW_PAGE_LOCKS = ON)
	ON [PRIMARY]
) ON [PRIMARY]
-EOL-
CREATE TABLE [dbo].[EXCLUDED_METADATA_FIELDS](
	[FIELD_NAME] [nvarchar](100) NOT NULL,
	PRIMARY KEY CLUSTERED(
		[FIELD_NAME] ASC
	) WITH (PAD_INDEX = OFF, STATISTICS_NORECOMPUTE = OFF, IGNORE_DUP_KEY = OFF, ALLOW_ROW_LOCKS = ON, ALLOW_PAGE_LOCKS = ON)
		ON [PRIMARY]
) ON [PRIMARY]
	-EOL-
CREATE TABLE [dbo].[SYSTEM_CONFIG_GROUPS](
	[ID] [bigint] NOT NULL,
	[NAME] [nvarchar](100) NOT NULL,
	[DESCRIPTION] [nvarchar](1024) NULL,
	[DISPLAY_ORDER] [int] NOT NULL,
	[EDITABLE] [bit] NOT NULL,
	[CREATED_ON] [datetime2](7) NOT NULL DEFAULT CURRENT_TIMESTAMP,
	[MODIFIED_ON] [datetime2](7) NULL DEFAULT CURRENT_TIMESTAMP,
	CONSTRAINT UC_SYSTEM_CONFIG_GROUP_KEY UNIQUE ([NAME]),
	PRIMARY KEY CLUSTERED(
		[ID] ASC
	) WITH (PAD_INDEX = OFF, STATISTICS_NORECOMPUTE = OFF, IGNORE_DUP_KEY = OFF, ALLOW_ROW_LOCKS = ON, ALLOW_PAGE_LOCKS = ON)
	ON [PRIMARY]
) ON [PRIMARY]
-EOL-
CREATE TABLE [dbo].[SYSTEM_CONFIGS](
	[ID] [bigint] NOT NULL,
	[SYSTEM_CONFIG_GROUP_ID] [bigint] NOT NULL,
	[DISPLAY_ORDER] [int] NOT NULL,
	[LABEL] [nvarchar](100) NOT NULL,
	[IDENTIFIER] [nvarchar](100) NOT NULL,
	[VALUE] [nvarchar](320) NOT NULL,
	[DESCRIPTION] [nvarchar](1024) NULL,
	[CREATED_ON] [datetime2](7) NOT NULL DEFAULT CURRENT_TIMESTAMP,
	[MODIFIED_ON] [datetime2](7) NULL DEFAULT CURRENT_TIMESTAMP,
	CONSTRAINT UC_SYSTEM_CONFIG_KEY UNIQUE ([IDENTIFIER]),
	PRIMARY KEY CLUSTERED(
		[ID] ASC
	) WITH (PAD_INDEX = OFF, STATISTICS_NORECOMPUTE = OFF, IGNORE_DUP_KEY = OFF, ALLOW_ROW_LOCKS = ON, ALLOW_PAGE_LOCKS = ON)
	ON [PRIMARY]
) ON [PRIMARY]
-EOL-
CREATE TABLE [dbo].[JMS_PROFILES](
	[ID] [bigint] NOT NULL,
	[DISPLAY_NAME] [nvarchar](320) NOT NULL,
	[DESCRIPTION] [nvarchar](1024) NULL,
	[TYPE] [nchar](1) NOT NULL,
	[PROVIDER_URL] [nvarchar](255) NOT NULL,
	[INITIAL_CONTEXT_FACTORY] [nvarchar](255) NOT NULL,
	[SERVICE_NAME] [nvarchar](255) NOT NULL,
	[CONNECTION_RETRY_INTERVAL] [bigint] NOT NULL,
	[USERNAME] [nvarchar](255) NULL,
	[PASSWORD] [nvarchar](1024) NULL,
	[CREATED_ON] [datetime2](7) NOT NULL DEFAULT CURRENT_TIMESTAMP,
	[MODIFIED_ON] [datetime2](7) NULL DEFAULT CURRENT_TIMESTAMP,
	CONSTRAINT UC_JMS_PROFILE_NAME UNIQUE ([DISPLAY_NAME], [TYPE]),
	CONSTRAINT UC_JMS_PROFILE_SERVICE UNIQUE ([TYPE], [PROVIDER_URL], [INITIAL_CONTEXT_FACTORY],[SERVICE_NAME]),
	PRIMARY KEY CLUSTERED(
		[ID] ASC
	) WITH (PAD_INDEX = OFF, STATISTICS_NORECOMPUTE = OFF, IGNORE_DUP_KEY = OFF, ALLOW_ROW_LOCKS = ON, ALLOW_PAGE_LOCKS = ON)
	ON [PRIMARY]
) ON [PRIMARY]
-EOL-
CREATE TABLE [dbo].[DOCUMENT_EXTRACTORS](
	[ID] [bigint] NOT NULL,
	[EXTENSION] [nvarchar](10) NOT NULL,
	[CLASS_NAME] [nvarchar](255) NOT NULL,
	[DEFAULT_SIZE_LIMIT] [int] NOT NULL,
	[PARAM] [nvarchar](1024) NULL,
	[CREATED_ON] [datetime2](7) NOT NULL DEFAULT CURRENT_TIMESTAMP,
	[MODIFIED_ON] [datetime2](7) NULL DEFAULT CURRENT_TIMESTAMP,
	CONSTRAINT UC_DOCUMENT_EXTENSION UNIQUE ([EXTENSION]),
	PRIMARY KEY CLUSTERED(
		[ID] ASC
	) WITH (PAD_INDEX = OFF, STATISTICS_NORECOMPUTE = OFF, IGNORE_DUP_KEY = OFF, ALLOW_ROW_LOCKS = ON, ALLOW_PAGE_LOCKS = ON)
	ON [PRIMARY]
) ON [PRIMARY]
-EOL-
CREATE TABLE [dbo].[WATCHERS](
	[ID] [bigint] NOT NULL,
	[NAME] [nvarchar](100) NOT NULL,
	[HOSTNAME] [nvarchar](85) NOT NULL,
	[JMS_PROFILE_ID] [bigint] NOT NULL,
	[FILE_MONITOR_COUNT] [int] NOT NULL,
	[CONFIG_LOADED_ON] [datetime2](7) NULL,
	[CONFIG_RELOAD_INTERVAL] [int] NOT NULL,
	[CREATED_ON] [datetime2](7) NOT NULL DEFAULT CURRENT_TIMESTAMP,
	[MODIFIED_ON] [datetime2](7) NULL DEFAULT CURRENT_TIMESTAMP,
	CONSTRAINT UC_WATCHER_HOSTNAME UNIQUE ([HOSTNAME]),
	PRIMARY KEY CLUSTERED(
		[ID] ASC
	) WITH (PAD_INDEX = OFF, STATISTICS_NORECOMPUTE = OFF, IGNORE_DUP_KEY = OFF, ALLOW_ROW_LOCKS = ON, ALLOW_PAGE_LOCKS = ON)
	ON [PRIMARY]
) ON [PRIMARY]
-EOL-
CREATE TABLE [dbo].[DOCUMENT_TYPE_ASSOCIATIONS](
	[ID] [bigint] NOT NULL,
	[WATCHER_ID] [bigint] NOT NULL,
	[DOCUMENT_EXTRACTOR_ID] [bigint] NOT NULL,
	[INCLUDE] [bit] NOT NULL,
	CONSTRAINT UC_DOCUMENT_TYPE_ASSOCIATION UNIQUE ([WATCHER_ID], [DOCUMENT_EXTRACTOR_ID]),
	PRIMARY KEY CLUSTERED(
		[ID] ASC
	) WITH (PAD_INDEX = OFF, STATISTICS_NORECOMPUTE = OFF, IGNORE_DUP_KEY = OFF, ALLOW_ROW_LOCKS = ON, ALLOW_PAGE_LOCKS = ON)
	ON [PRIMARY]
) ON [PRIMARY]
-EOL-
CREATE TABLE [dbo].[EXTRACTORS](
	[ID] [bigint] NOT NULL,
	[NAME] [nvarchar](100) NOT NULL,
	[HOSTNAME] [nvarchar](85) NOT NULL,
	[JMS_PROFILE_ID] [bigint] NOT NULL,
	[DOCUMENT_EXTRACTOR_COUNT] [int] NOT NULL,
	[MIN_HEAP_MEMORY] [int] NOT NULL,
	[CONFIG_LOADED_ON] [datetime2](7) NULL,
	[CONFIG_RELOAD_INTERVAL] [int] NOT NULL,
	[CREATED_ON] [datetime2](7) NOT NULL DEFAULT CURRENT_TIMESTAMP,
	[MODIFIED_ON] [datetime2](7) NULL DEFAULT CURRENT_TIMESTAMP,
	CONSTRAINT UC_EXTRACTOR_HOSTNAME UNIQUE ([HOSTNAME]),
	PRIMARY KEY CLUSTERED(
		[ID] ASC
	) WITH (PAD_INDEX = OFF, STATISTICS_NORECOMPUTE = OFF, IGNORE_DUP_KEY = OFF, ALLOW_ROW_LOCKS = ON, ALLOW_PAGE_LOCKS = ON)
	ON [PRIMARY]
) ON [PRIMARY]
-EOL-
CREATE TABLE [dbo].[DOCUMENT_SIZE_LIMITS](
	[ID] [bigint] NOT NULL,
	[EXTRACTOR_ID] [bigint] NOT NULL,
	[DOCUMENT_EXTRACTOR_ID] [bigint] NOT NULL,
	[MAX_FILE_SIZE] [int] NOT NULL,
	CONSTRAINT UC_DOCUMENT_SIZE_LIMIT UNIQUE ([EXTRACTOR_ID], [DOCUMENT_EXTRACTOR_ID]),
	PRIMARY KEY CLUSTERED(
		[ID] ASC
	) WITH (PAD_INDEX = OFF, STATISTICS_NORECOMPUTE = OFF, IGNORE_DUP_KEY = OFF, ALLOW_ROW_LOCKS = ON, ALLOW_PAGE_LOCKS = ON)
	ON [PRIMARY]
) ON [PRIMARY]
-EOL-
CREATE TABLE [dbo].[SOURCE_AUTHENTICATION](
	[ID] [bigint] NOT NULL,
	[NAME] [nvarchar](256) NOT NULL,
	[DOMAIN_NAME] [nvarchar](100) NOT NULL,
	[USERNAME] [nvarchar](100) NOT NULL,
	[PASSWORD] [nvarchar](256) NOT NULL,
	[CREATED_ON] [datetime2](7) NOT NULL DEFAULT CURRENT_TIMESTAMP,
	[MODIFIED_ON] [datetime2](7) NULL DEFAULT CURRENT_TIMESTAMP,
	CONSTRAINT UC_SA_NAME UNIQUE ([NAME]),
	CONSTRAINT UC_SA_DOMAIN_USERNAME UNIQUE ([DOMAIN_NAME],[USERNAME]),
	PRIMARY KEY CLUSTERED(
		[ID] ASC
	) WITH (PAD_INDEX = OFF, STATISTICS_NORECOMPUTE = OFF, IGNORE_DUP_KEY = OFF, ALLOW_ROW_LOCKS = ON, ALLOW_PAGE_LOCKS = ON)
	ON [PRIMARY]
) ON [PRIMARY]
-EOL-
CREATE TABLE [dbo].[REPO_FOLDERS](
	[ID] [bigint] NOT NULL,
	[SOURCE_AUTHENTICATION_ID] [bigint],
	[REPOSITORY_TYPE] [nvarchar](30) NOT NULL,
	[WATCHER_ID] [bigint] NOT NULL,
	[DISPLAY_ORDER] [int] NOT NULL,
	[PATH] [nvarchar](300) NOT NULL,
	CONSTRAINT UC_WATCHER_REPO_FOLDER UNIQUE ([PATH]),
	PRIMARY KEY CLUSTERED(
		[ID] ASC
	) WITH (PAD_INDEX = OFF, STATISTICS_NORECOMPUTE = OFF, IGNORE_DUP_KEY = OFF, ALLOW_ROW_LOCKS = ON, ALLOW_PAGE_LOCKS = ON)
	ON [PRIMARY]
) ON [PRIMARY]
-EOL-
CREATE TABLE [dbo].[EXCLUDE_REPO_FOLDERS](
	[ID] [bigint] NOT NULL,
	[REPO_FOLDER_ID] [bigint] NOT NULL,
	[DISPLAY_ORDER] [int] NOT NULL,
	[PATH] [nvarchar](300) NOT NULL,
	CONSTRAINT UC_EXCLUDE_REPO_FOLDER UNIQUE ([PATH]),
	PRIMARY KEY CLUSTERED(
		[ID] ASC
	) WITH (PAD_INDEX = OFF, STATISTICS_NORECOMPUTE = OFF, IGNORE_DUP_KEY = OFF, ALLOW_ROW_LOCKS = ON, ALLOW_PAGE_LOCKS = ON)
	ON [PRIMARY]
) ON [PRIMARY]
-EOL-
CREATE TABLE [dbo].[RULE_ENGINES](
	[ID] [bigint] NOT NULL,
	[NAME] [nvarchar](100) NOT NULL,
	[HOSTNAME] [nvarchar](85) NOT NULL,
	[ON_DEMAND_INTERVAL] [bigint] NOT NULL DEFAULT 5,
	[SCHEDULED_INTERVAL] [bigint] NOT NULL DEFAULT 60,
	[ON_DEMAND_POOL_SIZE] [int] NOT NULL DEFAULT 2,
	[SCHEDULED_POOL_SIZE] [int] NOT NULL DEFAULT 8,
	[CONFIG_LOADED_ON] [datetime2](7) NULL,
	[CONFIG_RELOAD_INTERVAL] [int] NOT NULL,
	[CREATED_ON] [datetime2](7) NOT NULL DEFAULT CURRENT_TIMESTAMP,
	[MODIFIED_ON] [datetime2](7) NULL DEFAULT CURRENT_TIMESTAMP,
	CONSTRAINT UC_RULE_ENGINE_HOSTNAME UNIQUE ([HOSTNAME]),
	PRIMARY KEY CLUSTERED(
		[ID] ASC
	) WITH (PAD_INDEX = OFF, STATISTICS_NORECOMPUTE = OFF, IGNORE_DUP_KEY = OFF, ALLOW_ROW_LOCKS = ON, ALLOW_PAGE_LOCKS = ON)
	ON [PRIMARY]
) ON [PRIMARY]
-EOL-
CREATE TABLE [dbo].[EXECUTION_WINDOW_SETS](
	[ID] [bigint] NOT NULL,
	[NAME] [nvarchar](100) NOT NULL,
	[DESCRIPTION] [nvarchar](1024) NULL,
	[SCHEDULE_TYPE] [nchar](1) NOT NULL,
	[EFFECTIVE_FROM] [datetime2](7) NULL,
	[EFFECTIVE_UNTIL] [datetime2](7) NULL,
	[CREATED_ON] [datetime2](7) NOT NULL DEFAULT CURRENT_TIMESTAMP,
	[MODIFIED_ON] [datetime2](7) NULL DEFAULT CURRENT_TIMESTAMP,
	CONSTRAINT UC_EXECUTION_WINDOW_SET_NAME UNIQUE ([NAME]),
	PRIMARY KEY CLUSTERED(
		[ID] ASC
	) WITH (PAD_INDEX = OFF, STATISTICS_NORECOMPUTE = OFF, IGNORE_DUP_KEY = OFF, ALLOW_ROW_LOCKS = ON, ALLOW_PAGE_LOCKS = ON)
	ON [PRIMARY]
) ON [PRIMARY];
-EOL-
CREATE TABLE [dbo].[EXECUTION_WINDOWS](
	[ID] [bigint] NOT NULL,
	[EXECUTION_WINDOW_SET_ID] [bigint] NOT NULL,
	[DISPLAY_ORDER] [int] NOT NULL,
	[DAY] [nvarchar](15) NOT NULL,
	PRIMARY KEY CLUSTERED(
		[ID] ASC
	) WITH (PAD_INDEX = OFF, STATISTICS_NORECOMPUTE = OFF, IGNORE_DUP_KEY = OFF, ALLOW_ROW_LOCKS = ON, ALLOW_PAGE_LOCKS = ON)
	ON [PRIMARY]
) ON [PRIMARY]
-EOL-
CREATE TABLE [dbo].[EXECUTION_TIME_SLOTS](
	[ID] [bigint] NOT NULL,
	[EXECUTION_WINDOW_ID] [bigint] NOT NULL,
	[DISPLAY_ORDER] [int] NOT NULL,
	[START_TIME] [nvarchar](4) NOT NULL,
	[END_TIME] [nvarchar](4) NOT NULL,
	CONSTRAINT UC_EXECUTION_TIME_SLOT UNIQUE ([EXECUTION_WINDOW_ID], [START_TIME], [END_TIME]),
	PRIMARY KEY CLUSTERED(
		[ID] ASC
	) WITH (PAD_INDEX = OFF, STATISTICS_NORECOMPUTE = OFF, IGNORE_DUP_KEY = OFF, ALLOW_ROW_LOCKS = ON, ALLOW_PAGE_LOCKS = ON)
	ON [PRIMARY]
) ON [PRIMARY]
-EOL-
CREATE TABLE [dbo].[EXECUTION_WINDOW_ASSOCIATIONS](
	[ID] [bigint] NOT NULL,
	[COMPONENT_ID] [bigint] NOT NULL,
	[COMPONENT_TYPE] [nchar](1) NOT NULL,
	[DISPLAY_ORDER] [int] NOT NULL,
	[EXECUTION_WINDOW_SET_ID] [bigint] NOT NULL,
	[CREATED_ON] [datetime2](7) NOT NULL DEFAULT CURRENT_TIMESTAMP,
	[MODIFIED_ON] [datetime2](7) NULL DEFAULT CURRENT_TIMESTAMP,
	CONSTRAINT UC_EXECUTION_WINDOW_ASSOCIATION UNIQUE ([COMPONENT_ID], [COMPONENT_TYPE], [EXECUTION_WINDOW_SET_ID]),
	PRIMARY KEY CLUSTERED(
		[ID] ASC
	) WITH (PAD_INDEX = OFF, STATISTICS_NORECOMPUTE = OFF, IGNORE_DUP_KEY = OFF, ALLOW_ROW_LOCKS = ON, ALLOW_PAGE_LOCKS = ON)
	ON [PRIMARY]
) ON [PRIMARY]
-EOL-
CREATE TABLE [dbo].[RULES](
	[ID] [bigint] NOT NULL,
	[RULE_ENGINE_ID] [bigint],
	[NAME] [nvarchar](320) NOT NULL,
	[DESCRIPTION] [nvarchar](1024) NULL,
	[REPOSITORY_TYPE] [nvarchar](30) NULL,
	[ENABLED] [bit] NOT NULL,
	[SCHEDULE_TYPE] [nchar](1) NOT NULL,
	[EXECUTION_FREQUENCY] [nvarchar](120) NOT NULL,
	[EFFECTIVE_FROM] [datetime2](7) NULL,
	[EFFECTIVE_UNTIL] [datetime2](7) NULL,
	[DELETED] [bit] NOT NULL DEFAULT 0,
	[VERSION] [int] NOT NULL DEFAULT 1,
	[CREATED_ON] [datetime2](7) NOT NULL DEFAULT CURRENT_TIMESTAMP,
	[MODIFIED_ON] [datetime2](7) NULL DEFAULT CURRENT_TIMESTAMP,
	PRIMARY KEY CLUSTERED(
		[ID] ASC
	) WITH (PAD_INDEX = OFF, STATISTICS_NORECOMPUTE = OFF, IGNORE_DUP_KEY = OFF, ALLOW_ROW_LOCKS = ON, ALLOW_PAGE_LOCKS = ON)
	ON [PRIMARY]
) ON [PRIMARY]
-EOL-
CREATE TABLE [dbo].[CRITERIA_GROUPS](
	[ID] [bigint] NOT NULL,
	[RULE_ID] [bigint] NOT NULL,
	[DISPLAY_ORDER] [int] NOT NULL,
	[OPERATOR] [nvarchar](3) NULL,
	PRIMARY KEY CLUSTERED(
		[ID] ASC
	) WITH (PAD_INDEX = OFF, STATISTICS_NORECOMPUTE = OFF, IGNORE_DUP_KEY = OFF, ALLOW_ROW_LOCKS = ON, ALLOW_PAGE_LOCKS = ON)
	ON [PRIMARY]
) ON [PRIMARY]
-EOL-
CREATE TABLE [dbo].[CRITERIAS](
	[ID] [bigint] NOT NULL,
	[CRITERIA_GROUP_ID] [bigint] NOT NULL,
	[DISPLAY_ORDER] [int] NOT NULL,
	[DATA_SECTION] [nchar](1) NOT NULL,
	[OPERATOR] [nvarchar](3) NULL,
	[OPEN_BRACKET] [nvarchar](5) NULL,
	[FIELD_NAME] [nvarchar](100) NULL,
	[MATCHING_CONDITION] [nvarchar](25) NOT NULL,
	[VALUE] [nvarchar](1024) NOT NULL,
	[CLOSE_BRACKET] [nvarchar](5) NULL,
	PRIMARY KEY CLUSTERED(
		[ID] ASC
	) WITH (PAD_INDEX = OFF, STATISTICS_NORECOMPUTE = OFF, IGNORE_DUP_KEY = OFF, ALLOW_ROW_LOCKS = ON, ALLOW_PAGE_LOCKS = ON)
	ON [PRIMARY]
) ON [PRIMARY]
-EOL-
CREATE TABLE [dbo].[DATA_PROVIDERS](
	[ID] [bigint] NOT NULL,
	[CLASS_NAME] [nvarchar](320) NOT NULL,
	[NAME] [nvarchar](100) NOT NULL,
	[DESCRIPTION] [nvarchar](1024) NULL,
	[SUGGESTION] [nvarchar](320) NOT NULL,
	[CREATED_ON] [datetime2](7) NOT NULL DEFAULT CURRENT_TIMESTAMP,
	[MODIFIED_ON] [datetime2](7) NULL DEFAULT CURRENT_TIMESTAMP,
	CONSTRAINT UC_DATA_PROVIDER_CLASS UNIQUE ([CLASS_NAME]),
	CONSTRAINT UC_DATA_PROVIDER_NAME UNIQUE ([NAME]),
	PRIMARY KEY CLUSTERED(
		[ID] ASC
	) WITH (PAD_INDEX = OFF, STATISTICS_NORECOMPUTE = OFF, IGNORE_DUP_KEY = OFF, ALLOW_ROW_LOCKS = ON, ALLOW_PAGE_LOCKS = ON)
	ON [PRIMARY]
) ON [PRIMARY]
-EOL-
CREATE TABLE [dbo].[ACTION_PLUGINS](
	[ID] [bigint] NOT NULL,
	[DISPLAY_ORDER] [int] NOT NULL,
	[CLASS_NAME] [nvarchar](320) NOT NULL,
	[NAME] [nvarchar](50) NOT NULL,
	[DISPLAY_NAME] [nvarchar](100) NOT NULL,
	[REPOSITORY_TYPE] [nvarchar](30) NULL,
	[DESCRIPTION] [nvarchar](1024) NULL,
	[FIRE_ONCE_PER_RULE] [bit] NOT NULL,
	[CREATED_ON] [datetime2](7) NOT NULL DEFAULT CURRENT_TIMESTAMP,
	[MODIFIED_ON] [datetime2](7) NULL DEFAULT CURRENT_TIMESTAMP,
	CONSTRAINT UC_ACTION_PLUGIN_CLASS UNIQUE ([CLASS_NAME]),
	CONSTRAINT UC_ACTION_PLUGIN_NAME UNIQUE ([NAME]),
	PRIMARY KEY CLUSTERED(
		[ID] ASC
	) WITH (PAD_INDEX = OFF, STATISTICS_NORECOMPUTE = OFF, IGNORE_DUP_KEY = OFF, ALLOW_ROW_LOCKS = ON, ALLOW_PAGE_LOCKS = ON)
	ON [PRIMARY]
) ON [PRIMARY]
-EOL-
CREATE TABLE [dbo].[ACTION_PLUGIN_PARAMS](
	[ID] [bigint] NOT NULL,
	[ACTION_PLUGIN_ID] [bigint] NOT NULL,
	[DISPLAY_ORDER] [int] NOT NULL,
	[PARAM_TYPE] [nchar](1) NOT NULL,
	[COLLECTIONS] [bit] NOT NULL,
	[KEY_VALUE] [bit] NOT NULL,
	[DATA_TYPE] [nvarchar](25) NOT NULL,
	[LABEL] [nvarchar](100) NOT NULL,
	[IDENTIFIER] [nvarchar](100) NOT NULL,
	[FIXED_PARAMETER] [bit] NOT NULL,
	[FIXED_VALUE] [nvarchar](1024) NULL,
	[CREATED_ON] [datetime2](7) NOT NULL DEFAULT CURRENT_TIMESTAMP,
	[MODIFIED_ON] [datetime2](7) NULL DEFAULT CURRENT_TIMESTAMP,
	CONSTRAINT UC_ACTION_PLUGIN_PARAM UNIQUE ([ACTION_PLUGIN_ID], [IDENTIFIER]),
	PRIMARY KEY CLUSTERED(
		[ID] ASC
	) WITH (PAD_INDEX = OFF, STATISTICS_NORECOMPUTE = OFF, IGNORE_DUP_KEY = OFF, ALLOW_ROW_LOCKS = ON, ALLOW_PAGE_LOCKS = ON)
	ON [PRIMARY]
) ON [PRIMARY]
-EOL-
CREATE TABLE [dbo].[ACTIONS](
	[ID] [bigint] NOT NULL,
	[RULE_ID] [bigint] NOT NULL,
	[ACTION_PLUGIN_ID] [bigint] NOT NULL,
	[DISPLAY_ORDER] [int] NOT NULL,
	[TOLERANCE_LEVEL] [nchar](1) NOT NULL,
	CONSTRAINT UC_ACTION UNIQUE ([RULE_ID], [ACTION_PLUGIN_ID], [DISPLAY_ORDER]),
	PRIMARY KEY CLUSTERED(
		[ID] ASC
	) WITH (PAD_INDEX = OFF, STATISTICS_NORECOMPUTE = OFF, IGNORE_DUP_KEY = OFF, ALLOW_ROW_LOCKS = ON, ALLOW_PAGE_LOCKS = ON)
	ON [PRIMARY]
) ON [PRIMARY]
-EOL-
CREATE TABLE [dbo].[ACTION_PARAMS](
	[ID] [bigint] NOT NULL,
	[ACTION_ID] [bigint] NOT NULL,
	[IDENTIFIER] [nvarchar](100) NOT NULL,
	[METADATA_KEY] [nvarchar](100) NULL,
	[VALUE] [nvarchar](1024) NULL,
	PRIMARY KEY CLUSTERED(
		[ID] ASC
	) WITH (PAD_INDEX = OFF, STATISTICS_NORECOMPUTE = OFF, IGNORE_DUP_KEY = OFF, ALLOW_ROW_LOCKS = ON, ALLOW_PAGE_LOCKS = ON)
	ON [PRIMARY]
) ON [PRIMARY]
-EOL-
CREATE TABLE [dbo].[RULE_EXECUTIONS](
	[ID] [bigint] NOT NULL,
	[RULE_ID] [bigint] NOT NULL,
	[RULE_VERSION] [int],
	[TYPE] [nchar](1) NOT NULL,
	[STATUS] [nchar](1) NOT NULL,
	[PLAN_TIMESTAMP] [datetime2](7) NOT NULL,
	[START_TIMESTAMP] [datetime2](7) NULL,
	[END_TIMESTAMP] [datetime2](7) NULL,
	[OUTCOME] [nchar](1) NULL,
	[CREATED_ON] [datetime2](7) NOT NULL DEFAULT CURRENT_TIMESTAMP,
	[MODIFIED_ON] [datetime2](7) NULL DEFAULT CURRENT_TIMESTAMP,
	PRIMARY KEY CLUSTERED(
		[ID] ASC
	) WITH (PAD_INDEX = OFF, STATISTICS_NORECOMPUTE = OFF, IGNORE_DUP_KEY = OFF, ALLOW_ROW_LOCKS = ON, ALLOW_PAGE_LOCKS = ON)
	ON [PRIMARY]
) ON [PRIMARY]
-EOL-
CREATE TABLE [dbo].[RULE_HISTORIES](
	[ID] [bigint] NOT NULL,
	[RULE_ID] [bigint] NOT NULL,
	[RULE_VERSION] [int] NOT NULL,
	[SUMMARY] [nvarchar](max) NOT NULL,
	[CREATED_BY] [nvarchar](100) NULL,
	[CREATED_ON] [datetime2](7) NOT NULL DEFAULT CURRENT_TIMESTAMP,
	PRIMARY KEY CLUSTERED(
		[ID] ASC
	) WITH (PAD_INDEX = OFF, STATISTICS_NORECOMPUTE = OFF, IGNORE_DUP_KEY = OFF, ALLOW_ROW_LOCKS = ON, ALLOW_PAGE_LOCKS = ON)
	ON [PRIMARY]
) ON [PRIMARY]
-EOL-
CREATE TABLE [dbo].[HEARTBEATS](
	[ID] [bigint] IDENTITY(1,1) NOT NULL,
	[COMPONENT_ID] [bigint] NOT NULL,
	[COMPONENT_TYPE] [nchar](1) NOT NULL,
	[LAST_HEARTBEAT] [bigint] NOT NULL DEFAULT 0,
	[CREATED_ON] [datetime2](7) NOT NULL DEFAULT CURRENT_TIMESTAMP,
	PRIMARY KEY CLUSTERED(
		[ID] ASC
	) WITH (PAD_INDEX = OFF, STATISTICS_NORECOMPUTE = OFF, IGNORE_DUP_KEY = OFF, ALLOW_ROW_LOCKS = ON, ALLOW_PAGE_LOCKS = ON)
	ON [PRIMARY]
) ON [PRIMARY]
-EOL-
CREATE TABLE [dbo].[EVENT_LOGS](
	[ID] [bigint] IDENTITY(1,1) NOT NULL,
	[COMPONENT_NAME] [nvarchar](100) NOT NULL,
	[STAGE] [nchar](4) NOT NULL,
	[FILE_ID] [nvarchar](100) NULL,
	[REPOSITORY_TYPE] [nvarchar](30) NULL,
	[FILE_PATH] [nvarchar](1024) NULL,
	[FILE_NAME] [nvarchar](450) NULL,
	[RULE_ID] [bigint] NULL,
	[RULE_NAME] [nvarchar](320) NULL,
	[RULE_EXECUTION_ID] [bigint] NULL,
	[RULE_EXECUTION_TYPE] [nchar](1) NULL,
	[ACTION_PLUGIN_ID] [bigint] NULL,
	[ACTION_NAME] [nvarchar](100) NULL,
	[ACTION_ID] [bigint] NULL,
	[CATEGORY] [nchar](1) NOT NULL,
	[STATUS] [nchar](1) NOT NULL,
	[MESSAGE_CODE] [nvarchar](50) NOT NULL,
	[MESSAGE_PARAM] [nvarchar](4000) NULL,
	[TIMESTAMP] [bigint] NOT NULL DEFAULT 0,
	PRIMARY KEY CLUSTERED(
		[ID] ASC
	) WITH (PAD_INDEX = OFF, STATISTICS_NORECOMPUTE = OFF, IGNORE_DUP_KEY = OFF, ALLOW_ROW_LOCKS = ON, ALLOW_PAGE_LOCKS = ON)
	ON [PRIMARY]
) ON [PRIMARY]
-EOL-
CREATE TABLE [dbo].[EVENT_LOG_ARCHIVES](
	[ID] [bigint] NOT NULL,
	[COMPONENT_NAME] [nvarchar](100) NOT NULL,
	[STAGE] [nchar](4) NOT NULL,
	[FILE_ID] [nvarchar](100) NULL,
	[REPOSITORY_TYPE] [nvarchar](30) NULL,
	[FILE_PATH] [nvarchar](1024) NULL,
	[FILE_NAME] [nvarchar](450) NULL,
	[RULE_ID] [bigint] NULL,
	[RULE_NAME] [nvarchar](320) NULL,
	[RULE_EXECUTION_ID] [bigint] NULL,
	[RULE_EXECUTION_TYPE] [nchar](1) NULL,
	[ACTION_PLUGIN_ID] [bigint] NULL,
	[ACTION_NAME] [nvarchar](100) NULL,
	[ACTION_ID] [bigint] NULL,
	[CATEGORY] [nchar](1) NOT NULL,
	[STATUS] [nchar](1) NOT NULL,
	[MESSAGE_CODE] [nvarchar](50) NOT NULL,
	[MESSAGE_PARAM] [nvarchar](4000) NULL,
	[TIMESTAMP] [bigint] NOT NULL DEFAULT 0,
	PRIMARY KEY CLUSTERED(
		[ID] ASC
	) WITH (PAD_INDEX = OFF, STATISTICS_NORECOMPUTE = OFF, IGNORE_DUP_KEY = OFF, ALLOW_ROW_LOCKS = ON, ALLOW_PAGE_LOCKS = ON)
	ON [PRIMARY]
) ON [PRIMARY]
-EOL-
CREATE TABLE [dbo].[AUTH_HANDLERS] (
	[ID] [bigint] NOT NULL,
	[NAME] [nvarchar](100) NOT NULL,
	[TYPE] [nvarchar](25) NOT NULL,
	[CONFIGURATION_DATA] [nvarchar](4000) NULL,
	[USER_ATTRIBUTE_MAPPING] [nvarchar](4000) NULL,
	[CREATED_ON] [datetime2](7) NOT NULL DEFAULT CURRENT_TIMESTAMP,
	[MODIFIED_ON] [datetime2](7) NULL DEFAULT CURRENT_TIMESTAMP,
	PRIMARY KEY CLUSTERED(
		[ID] ASC
	) WITH (PAD_INDEX = OFF, STATISTICS_NORECOMPUTE = OFF, IGNORE_DUP_KEY = OFF, ALLOW_ROW_LOCKS = ON, ALLOW_PAGE_LOCKS = ON)
	ON [PRIMARY]
) ON [PRIMARY]
-EOL-
CREATE TABLE [dbo].[USERS](
	[ID] [bigint] NOT NULL,
	[USER_TYPE] [nchar](1) NOT NULL,
	[USERNAME] [nvarchar](100) NOT NULL,
	[DISPLAY_NAME] [nvarchar](255) NULL,
	[FIRST_NAME] [nvarchar](70) NULL,
	[LAST_NAME] [nvarchar](35) NULL,
	[EMAIL] [nvarchar](320) NULL,
	[PASSWORD] [nvarchar](256) NULL,
	[ADMIN] [bit] NOT NULL DEFAULT 0,
	[VISIBLE] [bit] NOT NULL DEFAULT 1,
	[ENABLED] [bit] NOT NULL DEFAULT 1,
	[STATUS] [nvarchar](10) NOT NULL DEFAULT 'ACTIVE',
	[AUTH_HANDLER_ID] [bigint],
	[PASSWORD_CHANGED_ON] [bigint],
	[FAILED_ATTEMPT] [int] NOT NULL DEFAULT 0,
	[LOGIN_ON] [bigint],
	[LAST_LOGIN_ON] [bigint],
	[CREATED_ON] [datetime2](7) NOT NULL DEFAULT CURRENT_TIMESTAMP,
	[MODIFIED_ON] [datetime2](7) NULL DEFAULT CURRENT_TIMESTAMP,
	CONSTRAINT UC_USERNAME UNIQUE ([USERNAME]),
	PRIMARY KEY CLUSTERED(
		[ID] ASC
	) WITH (PAD_INDEX = OFF, STATISTICS_NORECOMPUTE = OFF, IGNORE_DUP_KEY = OFF, ALLOW_ROW_LOCKS = ON, ALLOW_PAGE_LOCKS = ON)
	ON [PRIMARY]
) ON [PRIMARY]
-EOL-
CREATE TABLE [dbo].[REPORTS](
	[ID] [bigint] NOT NULL,
	[NAME] [nvarchar](100) NOT NULL,
	[DESCRIPTION] [nvarchar](1024) NULL,
	[TYPE] [nchar](1) NOT NULL,
	[RANGE] [nvarchar](1024) NOT NULL,
	[EVENT_STATUS] [nchar](1) NOT NULL,
	[DELETED] [bit] NOT NULL DEFAULT 0,
	[CREATED_BY] [nvarchar](100) NOT NULL,
	[CREATED_ON] [datetime2](7) NOT NULL DEFAULT CURRENT_TIMESTAMP,
	[MODIFIED_BY] [nvarchar](100) NULL,
	[MODIFIED_ON] [datetime2](7) NULL DEFAULT CURRENT_TIMESTAMP,
	[LAST_ACCESSED_ON] [datetime2](7) NULL DEFAULT CURRENT_TIMESTAMP,
	PRIMARY KEY CLUSTERED(
		[ID] ASC
	) WITH (PAD_INDEX = OFF, STATISTICS_NORECOMPUTE = OFF, IGNORE_DUP_KEY = OFF, ALLOW_ROW_LOCKS = ON, ALLOW_PAGE_LOCKS = ON)
	ON [PRIMARY]
) ON [PRIMARY]
-EOL-
CREATE TABLE [dbo].[REPORT_FILTER_GROUPS](
	[ID] [bigint] NOT NULL,
	[REPORT_ID] [bigint] NOT NULL,
	[DISPLAY_ORDER] [int] NOT NULL,
	[OPERATOR] [nvarchar](3) NULL,
	PRIMARY KEY CLUSTERED(
		[ID] ASC
	) WITH (PAD_INDEX = OFF, STATISTICS_NORECOMPUTE = OFF, IGNORE_DUP_KEY = OFF, ALLOW_ROW_LOCKS = ON, ALLOW_PAGE_LOCKS = ON)
	ON [PRIMARY]
) ON [PRIMARY]
-EOL-
CREATE TABLE [dbo].[REPORT_FILTERS](
	[ID] [bigint] NOT NULL,
	[REPORT_FILTER_GROUP_ID] [bigint] NOT NULL,
	[DISPLAY_ORDER] [int] NOT NULL,
	[FIELD_NAME] [nvarchar](100) NOT NULL,
	[OPERATOR] [nvarchar](25) NOT NULL,
	[VALUE] [nvarchar](1024) NOT NULL,
	PRIMARY KEY CLUSTERED(
		[ID] ASC
	) WITH (PAD_INDEX = OFF, STATISTICS_NORECOMPUTE = OFF, IGNORE_DUP_KEY = OFF, ALLOW_ROW_LOCKS = ON, ALLOW_PAGE_LOCKS = ON)
	ON [PRIMARY]
) ON [PRIMARY]
-EOL-
CREATE TABLE [dbo].[REPORT_SCHEDULES](
	[ID] [bigint] NOT NULL,
	[REPORT_ID] [bigint] NOT NULL,
	[SCHEDULE_TYPE] [nchar](1) NOT NULL,
	[EXECUTION_FREQUENCY] [nvarchar](120) NOT NULL,
	[ENABLED] [bit] NOT NULL,
	[EFFECTIVE_FROM] [datetime2](7) NULL,
	[EFFECTIVE_UNTIL] [datetime2](7) NULL,
	[EMAIL_SUBJECT] [nvarchar](1024) NOT NULL,
	[EMAIL_CONTENT] [nvarchar](4000) NOT NULL,
	PRIMARY KEY CLUSTERED(
		[ID] ASC
	) WITH (PAD_INDEX = OFF, STATISTICS_NORECOMPUTE = OFF, IGNORE_DUP_KEY = OFF, ALLOW_ROW_LOCKS = ON, ALLOW_PAGE_LOCKS = ON)
	ON [PRIMARY]
) ON [PRIMARY]
-EOL-
CREATE TABLE [dbo].[REPORT_RECIPIENTS](
	[ID] [bigint] NOT NULL,
	[REPORT_SCHEDULE_ID] [bigint] NOT NULL,
	[DISPLAY_ORDER] [int] NOT NULL,
	[FIELD] [nvarchar](3) NOT NULL,
	[EMAIL] [nvarchar](320) NOT NULL,
	PRIMARY KEY CLUSTERED(
		[ID] ASC
	) WITH (PAD_INDEX = OFF, STATISTICS_NORECOMPUTE = OFF, IGNORE_DUP_KEY = OFF, ALLOW_ROW_LOCKS = ON, ALLOW_PAGE_LOCKS = ON)
	ON [PRIMARY]
) ON [PRIMARY]
-EOL-
CREATE TABLE [dbo].[REPORT_EXECUTIONS](
	[ID] [bigint] NOT NULL,
	[REPORT_SCHEDULE_ID] [bigint] NOT NULL,
	[REPORT_DOCUMENT] [nvarchar](1024) NULL,
	[STATUS] [nchar](1) NOT NULL,
	[PLAN_TIMESTAMP] [datetime2](7) NOT NULL,
	[START_TIMESTAMP] [datetime2](7) NULL,
	[END_TIMESTAMP] [datetime2](7) NULL,
	[CREATED_ON] [datetime2](7) NOT NULL DEFAULT CURRENT_TIMESTAMP,
	[MODIFIED_ON] [datetime2](7) NULL DEFAULT CURRENT_TIMESTAMP,
	PRIMARY KEY CLUSTERED(
		[ID] ASC
	) WITH (PAD_INDEX = OFF, STATISTICS_NORECOMPUTE = OFF, IGNORE_DUP_KEY = OFF, ALLOW_ROW_LOCKS = ON, ALLOW_PAGE_LOCKS = ON)
	ON [PRIMARY]
) ON [PRIMARY]
-EOL-
CREATE TABLE [dbo].[ROLLBACK_ERRORS](
	[ID] [bigint] IDENTITY(1,1) NOT NULL,
	[REPOSITORY_TYPE] [nvarchar](30) NULL,
	[BACKUP_ABSOLUTE_FILE_PATH] [nvarchar](1024) NULL,
	[TARGET_ABSOLUTE_FILE_PATH] [nvarchar](1024) NOT NULL,
	[RULE_ID] [bigint] NOT NULL,
	[RULE_NAME] [nvarchar](320) NOT NULL,
	[RULE_EXECUTION_ID] [bigint] NOT NULL,
	[RULE_EXECUTION_TYPE] [nchar](1) NOT NULL,
	[ACTION_PLUGIN_ID] [bigint] NULL,
	[ACTION_NAME] [nvarchar](100) NULL,
	[ACTION_ID] [bigint] NULL,
	[ERROR_TYPE] [nchar](1) NOT NULL,
	[MESSAGE] [nvarchar](4000) NULL,
	[TIMESTAMP] [bigint] NOT NULL DEFAULT 0,
	PRIMARY KEY CLUSTERED(
		[ID] ASC
	) WITH (PAD_INDEX = OFF, STATISTICS_NORECOMPUTE = OFF, IGNORE_DUP_KEY = OFF, ALLOW_ROW_LOCKS = ON, ALLOW_PAGE_LOCKS = ON)
	ON [PRIMARY]
) ON [PRIMARY]
-EOL-
ALTER TABLE [dbo].[SYSTEM_CONFIGS]  WITH CHECK ADD CONSTRAINT [FK_CONFIG_GROUP_4_CONFIG] FOREIGN KEY([SYSTEM_CONFIG_GROUP_ID])
REFERENCES [dbo].[SYSTEM_CONFIG_GROUPS] ([ID]) ON DELETE CASCADE
-EOL-
ALTER TABLE [dbo].[SYSTEM_CONFIGS] CHECK CONSTRAINT [FK_CONFIG_GROUP_4_CONFIG]
-EOL-
ALTER TABLE [dbo].[WATCHERS]  WITH CHECK ADD CONSTRAINT [FK_JMS_PROFILE_4_WATCHER] FOREIGN KEY([JMS_PROFILE_ID])
REFERENCES [dbo].[JMS_PROFILES] ([ID])
-EOL-
ALTER TABLE [dbo].[WATCHERS] CHECK CONSTRAINT [FK_JMS_PROFILE_4_WATCHER]
-EOL-
ALTER TABLE [dbo].[DOCUMENT_TYPE_ASSOCIATIONS] WITH CHECK ADD CONSTRAINT [FK_WATCHER_4_DOCUMENT_ASSOCIATION] FOREIGN KEY([WATCHER_ID])
REFERENCES [dbo].[WATCHERS] ([ID]) ON DELETE CASCADE
-EOL-
ALTER TABLE [dbo].[DOCUMENT_TYPE_ASSOCIATIONS] CHECK CONSTRAINT [FK_WATCHER_4_DOCUMENT_ASSOCIATION]
-EOL-
ALTER TABLE [dbo].[DOCUMENT_TYPE_ASSOCIATIONS] WITH CHECK ADD CONSTRAINT [FK_DOCUMENT_EXTRACTOR_4_DOCUMENT_ASSOCIATION] FOREIGN KEY([DOCUMENT_EXTRACTOR_ID])
REFERENCES [dbo].[DOCUMENT_EXTRACTORS] ([ID]) ON DELETE CASCADE
-EOL-
ALTER TABLE [dbo].[DOCUMENT_TYPE_ASSOCIATIONS] CHECK CONSTRAINT [FK_DOCUMENT_EXTRACTOR_4_DOCUMENT_ASSOCIATION]
-EOL-
ALTER TABLE [dbo].[EXTRACTORS]  WITH CHECK ADD CONSTRAINT [FK_JMS_PROFILE_4_EXTRACTOR] FOREIGN KEY([JMS_PROFILE_ID])
REFERENCES [dbo].[JMS_PROFILES] ([ID])
-EOL-
ALTER TABLE [dbo].[EXTRACTORS] CHECK CONSTRAINT [FK_JMS_PROFILE_4_EXTRACTOR]
-EOL-
ALTER TABLE [dbo].[DOCUMENT_SIZE_LIMITS] WITH CHECK ADD CONSTRAINT [FK_EXTRACTOR_4_DOCUMENT_SIZE] FOREIGN KEY([EXTRACTOR_ID])
REFERENCES [dbo].[EXTRACTORS] ([ID]) ON DELETE CASCADE
-EOL-
ALTER TABLE [dbo].[DOCUMENT_SIZE_LIMITS] CHECK CONSTRAINT [FK_EXTRACTOR_4_DOCUMENT_SIZE]
-EOL-
ALTER TABLE [dbo].[DOCUMENT_SIZE_LIMITS] WITH CHECK ADD CONSTRAINT [FK_DOCUMENT_EXTRACTOR_4_DOCUMENT_SIZE] FOREIGN KEY([DOCUMENT_EXTRACTOR_ID])
REFERENCES [dbo].[DOCUMENT_EXTRACTORS] ([ID]) ON DELETE CASCADE
-EOL-
ALTER TABLE [dbo].[DOCUMENT_SIZE_LIMITS] CHECK CONSTRAINT [FK_DOCUMENT_EXTRACTOR_4_DOCUMENT_SIZE]
-EOL-
ALTER TABLE [dbo].[REPO_FOLDERS] WITH CHECK ADD CONSTRAINT [FK_WATCHER_4_REPO_FOLDER] FOREIGN KEY([WATCHER_ID])
REFERENCES [dbo].[WATCHERS] ([ID]) ON DELETE CASCADE
-EOL-
ALTER TABLE [dbo].[REPO_FOLDERS] CHECK CONSTRAINT [FK_WATCHER_4_REPO_FOLDER]
-EOL-
ALTER TABLE [dbo].[REPO_FOLDERS] WITH CHECK ADD CONSTRAINT [FK_SOURCE_AUTHENTICATION_4_REPO_FOLDER] FOREIGN KEY([SOURCE_AUTHENTICATION_ID])
REFERENCES [dbo].[SOURCE_AUTHENTICATION] ([ID]) ON DELETE CASCADE
-EOL-
ALTER TABLE [dbo].[REPO_FOLDERS] CHECK CONSTRAINT [FK_SOURCE_AUTHENTICATION_4_REPO_FOLDER]
-EOL-
ALTER TABLE [dbo].[EXCLUDE_REPO_FOLDERS] WITH CHECK ADD CONSTRAINT [FK_PARENT_FOLDER_4_EXCLUDE_REPO_FOLDER] FOREIGN KEY([REPO_FOLDER_ID])
REFERENCES [dbo].[REPO_FOLDERS] ([ID]) ON DELETE CASCADE
-EOL-
ALTER TABLE [dbo].[EXCLUDE_REPO_FOLDERS] CHECK CONSTRAINT [FK_PARENT_FOLDER_4_EXCLUDE_REPO_FOLDER]
-EOL-
ALTER TABLE [dbo].[EXECUTION_WINDOWS] WITH CHECK ADD CONSTRAINT [FK_EXECUTION_WINDOW_SET_4_EXECUTION_WINDOW] FOREIGN KEY([EXECUTION_WINDOW_SET_ID])
REFERENCES [dbo].[EXECUTION_WINDOW_SETS] ([ID]) ON DELETE CASCADE
-EOL-
ALTER TABLE [dbo].[EXECUTION_WINDOWS] CHECK CONSTRAINT [FK_EXECUTION_WINDOW_SET_4_EXECUTION_WINDOW]
-EOL-
ALTER TABLE [dbo].[EXECUTION_TIME_SLOTS] WITH CHECK ADD CONSTRAINT [FK_EXECUTION_WINDOW_4_EXECUTION_TIME_SLOTS] FOREIGN KEY([EXECUTION_WINDOW_ID])
REFERENCES [dbo].[EXECUTION_WINDOWS] ([ID]) ON DELETE CASCADE
-EOL-
ALTER TABLE [dbo].[EXECUTION_TIME_SLOTS] CHECK CONSTRAINT [FK_EXECUTION_WINDOW_4_EXECUTION_TIME_SLOTS]
-EOL-
ALTER TABLE [dbo].[EXECUTION_WINDOW_ASSOCIATIONS] WITH CHECK ADD CONSTRAINT [FK_EXECUTION_WINDOW_SET_4_EXECUTION_ASSOCIATION] FOREIGN KEY([EXECUTION_WINDOW_SET_ID])
REFERENCES [dbo].[EXECUTION_WINDOW_SETS] ([ID]) ON DELETE CASCADE
-EOL-
ALTER TABLE [dbo].[EXECUTION_WINDOW_ASSOCIATIONS] CHECK CONSTRAINT [FK_EXECUTION_WINDOW_SET_4_EXECUTION_ASSOCIATION]
-EOL-
ALTER TABLE [dbo].[CRITERIA_GROUPS] WITH CHECK ADD CONSTRAINT [FK_RULE_4_CRITERIA_GROUP] FOREIGN KEY([RULE_ID])
REFERENCES [dbo].[RULES] ([ID]) ON DELETE CASCADE
-EOL-
ALTER TABLE [dbo].[CRITERIA_GROUPS] CHECK CONSTRAINT [FK_RULE_4_CRITERIA_GROUP]
-EOL-
ALTER TABLE [dbo].[CRITERIAS] WITH CHECK ADD CONSTRAINT [FK_CRITERIA_GROUP_4_CRITERIA] FOREIGN KEY([CRITERIA_GROUP_ID])
REFERENCES [dbo].[CRITERIA_GROUPS] ([ID]) ON DELETE CASCADE
-EOL-
ALTER TABLE [dbo].[CRITERIAS] CHECK CONSTRAINT [FK_CRITERIA_GROUP_4_CRITERIA]
-EOL-
ALTER TABLE [dbo].[ACTION_PLUGIN_PARAMS] WITH CHECK ADD CONSTRAINT [FK_ACTION_PLUGIN_4_ACTION_PLUGIN_PARAM] FOREIGN KEY([ACTION_PLUGIN_ID])
REFERENCES [dbo].[ACTION_PLUGINS] ([ID]) ON DELETE CASCADE
-EOL-
ALTER TABLE [dbo].[ACTION_PLUGIN_PARAMS] CHECK CONSTRAINT [FK_ACTION_PLUGIN_4_ACTION_PLUGIN_PARAM]
-EOL-
ALTER TABLE [dbo].[ACTIONS] WITH CHECK ADD CONSTRAINT [FK_ACTION_PLUGIN_4_ACTION] FOREIGN KEY([ACTION_PLUGIN_ID])
REFERENCES [dbo].[ACTION_PLUGINS] ([ID]) ON DELETE CASCADE
-EOL-
ALTER TABLE [dbo].[ACTIONS] CHECK CONSTRAINT [FK_ACTION_PLUGIN_4_ACTION]
-EOL-
ALTER TABLE [dbo].[ACTION_PARAMS] WITH CHECK ADD CONSTRAINT [FK_ACTION_4_ACTION_PARAM] FOREIGN KEY([ACTION_ID])
REFERENCES [dbo].[ACTIONS] ([ID]) ON DELETE CASCADE
-EOL-
ALTER TABLE [dbo].[ACTION_PARAMS] CHECK CONSTRAINT [FK_ACTION_4_ACTION_PARAM]
-EOL-
ALTER TABLE [dbo].[RULE_EXECUTIONS] WITH CHECK ADD CONSTRAINT [FK_RULE_4_RULE_EXECUTION] FOREIGN KEY([RULE_ID])
REFERENCES [dbo].[RULES] ([ID]) ON DELETE CASCADE
-EOL-
ALTER TABLE [dbo].[RULE_EXECUTIONS] CHECK CONSTRAINT [FK_RULE_4_RULE_EXECUTION]
-EOL-
ALTER TABLE [dbo].[REPORT_FILTER_GROUPS] WITH CHECK ADD CONSTRAINT [FK_REPORT_4_REPORT_FILTER_GROUP] FOREIGN KEY([REPORT_ID])
REFERENCES [dbo].[REPORTS] ([ID]) ON DELETE CASCADE
-EOL-
ALTER TABLE [dbo].[REPORT_FILTER_GROUPS] CHECK CONSTRAINT [FK_REPORT_4_REPORT_FILTER_GROUP]
-EOL-
ALTER TABLE [dbo].[REPORT_FILTERS] WITH CHECK ADD CONSTRAINT [FK_REPORT_FILTER_GROUP_4_REPORT_FILTER] FOREIGN KEY([REPORT_FILTER_GROUP_ID])
REFERENCES [dbo].[REPORT_FILTER_GROUPS] ([ID]) ON DELETE CASCADE
-EOL-
ALTER TABLE [dbo].[REPORT_FILTERS] CHECK CONSTRAINT [FK_REPORT_FILTER_GROUP_4_REPORT_FILTER]
-EOL-
ALTER TABLE [dbo].[REPORT_SCHEDULES] WITH CHECK ADD CONSTRAINT [FK_REPORT_4_REPORT_SCHEDULE] FOREIGN KEY([REPORT_ID])
REFERENCES [dbo].[REPORTS] ([ID]) ON DELETE CASCADE
-EOL-
ALTER TABLE [dbo].[REPORT_SCHEDULES] CHECK CONSTRAINT [FK_REPORT_4_REPORT_SCHEDULE]
-EOL-
ALTER TABLE [dbo].[REPORT_RECIPIENTS] WITH CHECK ADD CONSTRAINT [FK_REPORT_SCHEDULE_4_RECIPIENT] FOREIGN KEY([REPORT_SCHEDULE_ID])
REFERENCES [dbo].[REPORT_SCHEDULES] ([ID]) ON DELETE CASCADE
-EOL-
ALTER TABLE [dbo].[REPORT_RECIPIENTS] CHECK CONSTRAINT [FK_REPORT_SCHEDULE_4_RECIPIENT]
-EOL-
ALTER TABLE [dbo].[REPORT_EXECUTIONS] WITH CHECK ADD CONSTRAINT [FK_REPORT_SCHEDULE_4_REPORT_EXECUTION] FOREIGN KEY([REPORT_SCHEDULE_ID])
REFERENCES [dbo].[REPORT_SCHEDULES] ([ID]) ON DELETE CASCADE
-EOL-
ALTER TABLE [dbo].[REPORT_EXECUTIONS] CHECK CONSTRAINT [FK_REPORT_SCHEDULE_4_REPORT_EXECUTION]
-EOL-
CREATE INDEX ID_RULE_EXECUTION_TYPE_STATUS ON [dbo].[RULE_EXECUTIONS] (TYPE, STATUS)
-EOL-
CREATE INDEX ID_EVENT_LOG_CATEGORY ON [dbo].[EVENT_LOGS] (CATEGORY)
-EOL-
CREATE SEQUENCE [dbo].[DOCUMENT_RECORDS_SEQ] START WITH 101 INCREMENT BY 1 CYCLE
-EOL-
CREATE SEQUENCE [dbo].[SYSTEM_CONFIG_GROUPS_SEQ] START WITH 101 INCREMENT BY 1 CYCLE
-EOL-
CREATE SEQUENCE [dbo].[SYSTEM_CONFIGS_SEQ] START WITH 101 INCREMENT BY 1 CYCLE
-EOL-
CREATE SEQUENCE [dbo].[JMS_PROFILES_SEQ] START WITH 101 INCREMENT BY 1 CYCLE
-EOL-
CREATE SEQUENCE [dbo].[DOCUMENT_EXTRACTORS_SEQ] START WITH 101 INCREMENT BY 1 CYCLE
-EOL-
CREATE SEQUENCE [dbo].[COMPONENTS_SEQ] START WITH 101 INCREMENT BY 1 CYCLE
-EOL-
CREATE SEQUENCE [dbo].[DOCUMENT_TYPE_ASSOCIATIONS_SEQ] START WITH 101 INCREMENT BY 1 CYCLE
-EOL-
CREATE SEQUENCE [dbo].[DOCUMENT_SIZE_LIMITS_SEQ] START WITH 101 INCREMENT BY 1 CYCLE
-EOL-
CREATE SEQUENCE [dbo].[REPO_FOLDERS_SEQ] START WITH 101 INCREMENT BY 1 CYCLE
-EOL-
CREATE SEQUENCE [dbo].[EXCLUDE_REPO_FOLDERS_SEQ] START WITH 101 INCREMENT BY 1 CYCLE
-EOL-
CREATE SEQUENCE [dbo].[EXECUTION_WINDOW_SETS_SEQ] START WITH 101 INCREMENT BY 1 CYCLE
-EOL-
CREATE SEQUENCE [dbo].[EXECUTION_WINDOWS_SEQ] START WITH 101 INCREMENT BY 1 CYCLE
-EOL-
CREATE SEQUENCE [dbo].[EXECUTION_TIME_SLOTS_SEQ] START WITH 101 INCREMENT BY 1 CYCLE
-EOL-
CREATE SEQUENCE [dbo].[EXECUTION_WINDOW_ASSOCIATIONS_SEQ] START WITH 101 INCREMENT BY 1 CYCLE
-EOL-
CREATE SEQUENCE [dbo].[RULES_SEQ] START WITH 101 INCREMENT BY 1 CYCLE
-EOL-
CREATE SEQUENCE [dbo].[RULE_HISTORIES_SEQ] START WITH 101 INCREMENT BY 1 CYCLE
-EOL-
CREATE SEQUENCE [dbo].[CRITERIA_GROUPS_SEQ] START WITH 101 INCREMENT BY 1 CYCLE
-EOL-
CREATE SEQUENCE [dbo].[CRITERIAS_SEQ] START WITH 101 INCREMENT BY 1 CYCLE
-EOL-
CREATE SEQUENCE [dbo].[DATA_PROVIDERS_SEQ] START WITH 101 INCREMENT BY 1 CYCLE
-EOL-
CREATE SEQUENCE [dbo].[ACTION_PLUGINS_SEQ] START WITH 101 INCREMENT BY 1 CYCLE
-EOL-
CREATE SEQUENCE [dbo].[ACTION_PLUGIN_PARAMS_SEQ] START WITH 101 INCREMENT BY 1 CYCLE
-EOL-
CREATE SEQUENCE [dbo].[ACTIONS_SEQ] START WITH 101 INCREMENT BY 1 CYCLE
-EOL-
CREATE SEQUENCE [dbo].[ACTION_PARAMS_SEQ] START WITH 101 INCREMENT BY 1 CYCLE
-EOL-
CREATE SEQUENCE [dbo].[RULE_EXECUTIONS_SEQ] START WITH 101 INCREMENT BY 1 CYCLE
-EOL-
CREATE SEQUENCE [dbo].[AUTH_HANDLERS_SEQ] START WITH 101 INCREMENT BY 1 CYCLE
-EOL-
CREATE SEQUENCE [dbo].[USERS_SEQ] START WITH 101 INCREMENT BY 1 CYCLE
-EOL-
CREATE SEQUENCE [dbo].[SOURCE_AUTHENTICATION_SEQ] START WITH 101 INCREMENT BY 1 CYCLE
-EOL-
CREATE SEQUENCE [dbo].[REPORTS_SEQ] START WITH 101 INCREMENT BY 1 CYCLE
-EOL-
CREATE SEQUENCE [dbo].[REPORT_FILTER_GROUPS_SEQ] START WITH 101 INCREMENT BY 1 CYCLE
-EOL-
CREATE SEQUENCE [dbo].[REPORT_FILTERS_SEQ] START WITH 101 INCREMENT BY 1 CYCLE
-EOL-
CREATE SEQUENCE [dbo].[REPORT_SCHEDULES_SEQ] START WITH 101 INCREMENT BY 1 CYCLE
-EOL-
CREATE SEQUENCE [dbo].[REPORT_EXECUTIONS_SEQ] START WITH 101 INCREMENT BY 1 CYCLE
-EOL-
CREATE SEQUENCE [dbo].[REPORT_RECIPIENTS_SEQ] START WITH 101 INCREMENT BY 1 CYCLE
-EOL-
CREATE TRIGGER trgCleanUpWatcherHeartbeat ON [dbo].[WATCHERS]
 AFTER DELETE
 AS
	DECLARE @componentId bigint;

	SELECT @componentId = d.ID FROM DELETED d;

	DELETE FROM HEARTBEATS
	WHERE COMPONENT_ID = @componentId AND COMPONENT_TYPE = 'W'
-EOL-
CREATE TRIGGER trgCleanUpWatcherExecutionWindow ON [dbo].[WATCHERS]
 AFTER DELETE
 AS
	DECLARE @componentId bigint;

	SELECT @componentId = d.ID FROM DELETED d;

	DELETE FROM EXECUTION_WINDOW_ASSOCIATIONS
	WHERE COMPONENT_ID = @componentId AND COMPONENT_TYPE = 'W'
-EOL-
CREATE TRIGGER trgCleanUpExtractorHeartbeat ON [dbo].[EXTRACTORS]
 AFTER DELETE
 AS
	DECLARE @componentId bigint;

	SELECT @componentId = d.ID FROM DELETED d;

	DELETE FROM HEARTBEATS
	WHERE COMPONENT_ID = @componentId AND COMPONENT_TYPE = 'E'
-EOL-
CREATE TRIGGER trgCleanUpExtractorExecutionWindow ON [dbo].[EXTRACTORS]
 AFTER DELETE
 AS
	DECLARE @componentId bigint;

	SELECT @componentId = d.ID FROM DELETED d;

	DELETE FROM EXECUTION_WINDOW_ASSOCIATIONS
	WHERE COMPONENT_ID = @componentId AND COMPONENT_TYPE = 'E'
-EOL-
CREATE TRIGGER trgCleanUpRuleEngineHeartbeat ON [dbo].[RULE_ENGINES]
 AFTER DELETE
 AS
	DECLARE @componentId bigint;

	SELECT @componentId = d.ID FROM DELETED d;

	DELETE FROM HEARTBEATS
	WHERE COMPONENT_ID = @componentId AND COMPONENT_TYPE = 'R'
-EOL-
CREATE TRIGGER trgCleanUpRuleEngineExecutionWindow ON [dbo].[RULE_ENGINES]
 AFTER DELETE
 AS
	DECLARE @componentId bigint;

	SELECT @componentId = d.ID FROM DELETED d;

	DELETE FROM EXECUTION_WINDOW_ASSOCIATIONS
	WHERE COMPONENT_ID = @componentId AND COMPONENT_TYPE = 'R'
-EOL-
CREATE TRIGGER trgUpdateRuleEngineRule ON [dbo].[RULE_ENGINES]
 AFTER DELETE
 AS
	DECLARE @ruleEngineId bigint;

	SELECT @ruleEngineId = d.ID FROM DELETED d;

	UPDATE RULES SET RULE_ENGINE_ID = NULL
	WHERE RULE_ENGINE_ID = @ruleEngineId
-EOL-
INSERT INTO METADATA_FIELDS (FIELD_NAME, DISPLAY_ORDER, DISPLAY_NAME, UI_DATA_TYPE, STORAGE_DATA_TYPE, VISIBLE)
VALUES ('application_name', 1, 'Application Name', 'STRING', 'STRING', 1)
-EOL-
INSERT INTO METADATA_FIELDS (FIELD_NAME, DISPLAY_ORDER, DISPLAY_NAME, UI_DATA_TYPE, STORAGE_DATA_TYPE, VISIBLE)
VALUES ('author', 2, 'Author', 'STRING', 'STRING', 1)
-EOL-
INSERT INTO METADATA_FIELDS (FIELD_NAME, DISPLAY_ORDER, DISPLAY_NAME, UI_DATA_TYPE, STORAGE_DATA_TYPE, VISIBLE)
VALUES ('category', 3, 'Category', 'STRING', 'STRING', 0)
-EOL-
INSERT INTO METADATA_FIELDS (FIELD_NAME, DISPLAY_ORDER, DISPLAY_NAME, UI_DATA_TYPE, STORAGE_DATA_TYPE, VISIBLE)
VALUES ('comments', 4, 'Comments', 'STRING', 'STRING', 1)
-EOL-
INSERT INTO METADATA_FIELDS (FIELD_NAME, DISPLAY_ORDER, DISPLAY_NAME, UI_DATA_TYPE, STORAGE_DATA_TYPE, VISIBLE)
VALUES ('creation_date_millisecond', 5, 'Creation Date', 'DATE', 'LONG', 1)
-EOL-
INSERT INTO METADATA_FIELDS (FIELD_NAME, DISPLAY_ORDER, DISPLAY_NAME, UI_DATA_TYPE, STORAGE_DATA_TYPE, VISIBLE)
VALUES ('creator', 6, 'Creator', 'STRING', 'STRING', 0)
-EOL-
INSERT INTO METADATA_FIELDS (FIELD_NAME, DISPLAY_ORDER, DISPLAY_NAME, UI_DATA_TYPE, STORAGE_DATA_TYPE, VISIBLE)
VALUES ('description', 7, 'Description', 'STRING', 'STRING', 0)
-EOL-
INSERT INTO METADATA_FIELDS (FIELD_NAME, DISPLAY_ORDER, DISPLAY_NAME, UI_DATA_TYPE, STORAGE_DATA_TYPE, VISIBLE)
VALUES ('from', 8, 'Email Sender', 'STRING', 'STRING', 1)
-EOL-
INSERT INTO METADATA_FIELDS (FIELD_NAME, DISPLAY_ORDER, DISPLAY_NAME, UI_DATA_TYPE, STORAGE_DATA_TYPE, VISIBLE)
VALUES ('to', 9, 'Email Recipient', 'STRING', 'STRING', 1)
-EOL-
INSERT INTO METADATA_FIELDS (FIELD_NAME, DISPLAY_ORDER, DISPLAY_NAME, UI_DATA_TYPE, STORAGE_DATA_TYPE, VISIBLE)
VALUES ('keywords', 10, 'Keywords', 'STRING', 'STRING', 1)
-EOL-
INSERT INTO METADATA_FIELDS (FIELD_NAME, DISPLAY_ORDER, DISPLAY_NAME, UI_DATA_TYPE, STORAGE_DATA_TYPE, VISIBLE)
VALUES ('last_author', 11, 'Last Author', 'STRING', 'STRING', 1)
-EOL-
INSERT INTO METADATA_FIELDS (FIELD_NAME, DISPLAY_ORDER, DISPLAY_NAME, UI_DATA_TYPE, STORAGE_DATA_TYPE, VISIBLE)
VALUES ('last_modified_date_millisecond', 12, 'Last Modified Date', 'DATE', 'LONG', 1)
-EOL-
INSERT INTO METADATA_FIELDS (FIELD_NAME, DISPLAY_ORDER, DISPLAY_NAME, UI_DATA_TYPE, STORAGE_DATA_TYPE, VISIBLE)
VALUES ('page_count', 13, 'Page Count', 'INTEGER', 'INTEGER', 1)
-EOL-
INSERT INTO METADATA_FIELDS (FIELD_NAME, DISPLAY_ORDER, DISPLAY_NAME, UI_DATA_TYPE, STORAGE_DATA_TYPE, VISIBLE)
VALUES ('producer', 14, 'Producer', 'STRING', 'STRING', 0)
-EOL-
INSERT INTO METADATA_FIELDS (FIELD_NAME, DISPLAY_ORDER, DISPLAY_NAME, UI_DATA_TYPE, STORAGE_DATA_TYPE, VISIBLE)
VALUES ('revision_number', 15, 'Revision Number', 'INTEGER', 'INTEGER', 1)
-EOL-
INSERT INTO METADATA_FIELDS (FIELD_NAME, DISPLAY_ORDER, DISPLAY_NAME, UI_DATA_TYPE, STORAGE_DATA_TYPE, VISIBLE)
VALUES ('subject', 16, 'Subject', 'STRING', 'STRING', 1)
-EOL-
INSERT INTO METADATA_FIELDS (FIELD_NAME, DISPLAY_ORDER, DISPLAY_NAME, UI_DATA_TYPE, STORAGE_DATA_TYPE, VISIBLE)
VALUES ('template', 17, 'Template', 'STRING', 'STRING', 1)
-EOL-
INSERT INTO METADATA_FIELDS (FIELD_NAME, DISPLAY_ORDER, DISPLAY_NAME, UI_DATA_TYPE, STORAGE_DATA_TYPE, VISIBLE)
VALUES ('title', 18, 'Title', 'STRING', 'STRING', 1)
-EOL-
INSERT INTO METADATA_FIELDS (FIELD_NAME, DISPLAY_ORDER, DISPLAY_NAME, UI_DATA_TYPE, STORAGE_DATA_TYPE, VISIBLE)
VALUES ('word_count', 19, 'Word Count', 'INTEGER', 'INTEGER', 1)
-EOL-
INSERT INTO METADATA_FIELDS (FIELD_NAME, DISPLAY_ORDER, DISPLAY_NAME, UI_DATA_TYPE, STORAGE_DATA_TYPE, VISIBLE)
VALUES ('site_url', 20, 'Site URL', 'STRING', 'STRING', 0)
-EOL-
INSERT INTO METADATA_FIELDS (FIELD_NAME, DISPLAY_ORDER, DISPLAY_NAME, UI_DATA_TYPE, STORAGE_DATA_TYPE, VISIBLE)
VALUES ('folder_url', 21, 'Folder URL', 'STRING', 'STRING', 0)
-EOL-
INSERT INTO METADATA_FIELDS (FIELD_NAME, DISPLAY_ORDER, DISPLAY_NAME, UI_DATA_TYPE, STORAGE_DATA_TYPE, VISIBLE)
VALUES ('creation_date', 22, 'Creation Date', 'DATE', 'DATE', 0)
-EOL-
INSERT INTO METADATA_FIELDS (FIELD_NAME, DISPLAY_ORDER, DISPLAY_NAME, UI_DATA_TYPE, STORAGE_DATA_TYPE, VISIBLE)
VALUES ('last_modified_date', 23, 'Last Modified Date', 'DATE', 'DATE', 0)
-EOL-
INSERT INTO METADATA_FIELDS (FIELD_NAME, DISPLAY_ORDER, DISPLAY_NAME, UI_DATA_TYPE, STORAGE_DATA_TYPE, VISIBLE)
VALUES ('file_id', 24, 'Document ID', 'STRING', 'STRING', 0)
-EOL-
INSERT INTO METADATA_FIELDS (FIELD_NAME, DISPLAY_ORDER, DISPLAY_NAME, UI_DATA_TYPE, STORAGE_DATA_TYPE, VISIBLE)
VALUES ('sp_author', 25, 'SharePoint Author', 'STRING', 'STRING', 1)
-EOL-
INSERT INTO METADATA_FIELDS (FIELD_NAME, DISPLAY_ORDER, DISPLAY_NAME, UI_DATA_TYPE, STORAGE_DATA_TYPE, VISIBLE)
VALUES ('sp_last_author', 26, 'SharePoint Last Author', 'STRING', 'STRING', 1)
-EOL-
INSERT INTO EXCLUDED_METADATA_FIELDS (FIELD_NAME)
VALUES ('AuthorId')
-EOL-
INSERT INTO EXCLUDED_METADATA_FIELDS (FIELD_NAME)
VALUES ('CheckInComment')
-EOL-
INSERT INTO EXCLUDED_METADATA_FIELDS (FIELD_NAME)
VALUES ('CheckOutType')
-EOL-
INSERT INTO EXCLUDED_METADATA_FIELDS (FIELD_NAME)
VALUES ('CheckoutUserId')
-EOL-
INSERT INTO EXCLUDED_METADATA_FIELDS (FIELD_NAME)
VALUES ('ContentTag')
-EOL-
INSERT INTO EXCLUDED_METADATA_FIELDS (FIELD_NAME)
VALUES ('ContentTypeId')
-EOL-
INSERT INTO EXCLUDED_METADATA_FIELDS (FIELD_NAME)
VALUES ('Created')
-EOL-
INSERT INTO EXCLUDED_METADATA_FIELDS (FIELD_NAME)
VALUES ('CustomizedPageStatus')
-EOL-
INSERT INTO EXCLUDED_METADATA_FIELDS (FIELD_NAME)
VALUES ('EditorId')
-EOL-
INSERT INTO EXCLUDED_METADATA_FIELDS (FIELD_NAME)
VALUES ('Exists')
-EOL-
INSERT INTO EXCLUDED_METADATA_FIELDS (FIELD_NAME)
VALUES ('FileSystemObjectType')
-EOL-
INSERT INTO EXCLUDED_METADATA_FIELDS (FIELD_NAME)
VALUES ('MajorVersion')
-EOL-
INSERT INTO EXCLUDED_METADATA_FIELDS (FIELD_NAME)
VALUES ('MinorVersion')
-EOL-
INSERT INTO EXCLUDED_METADATA_FIELDS (FIELD_NAME)
VALUES ('Modified')
-EOL-
INSERT INTO EXCLUDED_METADATA_FIELDS (FIELD_NAME)
VALUES ('OData__CopySource')
-EOL-
INSERT INTO EXCLUDED_METADATA_FIELDS (FIELD_NAME)
VALUES ('OData__UIVersionString')
-EOL-
INSERT INTO EXCLUDED_METADATA_FIELDS (FIELD_NAME)
VALUES ('UIVersion')
-EOL-
INSERT INTO EXCLUDED_METADATA_FIELDS (FIELD_NAME)
VALUES ('UIVersionLabel')
-EOL-
INSERT INTO SYSTEM_CONFIG_GROUPS (ID, NAME, DESCRIPTION, DISPLAY_ORDER, EDITABLE, CREATED_ON)
VALUES (1512010900000001, 'Common', 'Miscellaneous settings', 1, 1, CONVERT (datetime2,'2015-12-01 09:00:00.000',120))
-EOL-
INSERT INTO SYSTEM_CONFIG_GROUPS (ID, NAME, DESCRIPTION, DISPLAY_ORDER, EDITABLE, CREATED_ON)
VALUES (1512010900000002, 'Component Status', 'Settings for component status determination', 2, 1, CONVERT (datetime2,'2015-12-01 09:00:00.000',120))
-EOL-
INSERT INTO SYSTEM_CONFIG_GROUPS (ID, NAME, DESCRIPTION, DISPLAY_ORDER, EDITABLE, CREATED_ON)
VALUES (1512010900000003, 'File Watcher', 'Common settings for File Watcher components', 3, 1, CONVERT (datetime2,'2015-12-01 09:00:00.000',120))
-EOL-
INSERT INTO SYSTEM_CONFIG_GROUPS (ID, NAME, DESCRIPTION, DISPLAY_ORDER, EDITABLE, CREATED_ON)
VALUES (1512010900000004, 'Content Extractor', 'Common settings for Content Extractor components', 4, 1, CONVERT (datetime2,'2015-12-01 09:00:00.000',120))
-EOL-
INSERT INTO SYSTEM_CONFIG_GROUPS (ID, NAME, DESCRIPTION, DISPLAY_ORDER, EDITABLE, CREATED_ON)
VALUES (1512010900000005, 'Rule Engine', 'Common settings for Rule Engine components', 5, 1, CONVERT (datetime2,'2015-12-01 09:00:00.000',120))
-EOL-
INSERT INTO SYSTEM_CONFIG_GROUPS (ID, NAME, DESCRIPTION, DISPLAY_ORDER, EDITABLE, CREATED_ON)
VALUES (1512010900000006, 'License', 'License related information', 6, 0, CONVERT (datetime2,'2015-12-01 09:00:00.000',120))
-EOL-
INSERT INTO SYSTEM_CONFIG_GROUPS (ID, NAME, DESCRIPTION, DISPLAY_ORDER, EDITABLE, CREATED_ON)
VALUES (1512010900000007, 'Indexer', 'Solr index server settings', 7, 1, CONVERT (datetime2,'2015-12-01 09:00:00.000',120))
-EOL-
INSERT INTO SYSTEM_CONFIG_GROUPS (ID, NAME, DESCRIPTION, DISPLAY_ORDER, EDITABLE, CREATED_ON)
VALUES (1512010900000008, 'SMTP Mail Server', 'SMTP mail server settings', 8, 1, CONVERT (datetime2,'2015-12-01 09:00:00.000',120))
-EOL-
INSERT INTO SYSTEM_CONFIG_GROUPS (ID, NAME, DESCRIPTION, DISPLAY_ORDER, EDITABLE, CREATED_ON)
VALUES (1512010900000010, 'Indexing Service', 'Indexing settings', 10, 0, CONVERT (datetime2,'2015-12-01 09:00:00.000',120))
-EOL-
INSERT INTO SYSTEM_CONFIG_GROUPS (ID, NAME, DESCRIPTION, DISPLAY_ORDER, EDITABLE, CREATED_ON)
VALUES (1512010900000011, 'Report Log', 'Report log settings', 11, 1, CONVERT (datetime2,'2015-12-01 09:00:00.000',120))
-EOL-
INSERT INTO SYSTEM_CONFIGS (ID, SYSTEM_CONFIG_GROUP_ID, DISPLAY_ORDER, LABEL, IDENTIFIER, VALUE, DESCRIPTION, CREATED_ON)
VALUES (1512010900000001, 1512010900000001, 1, 'System configuration reload', 'system.config.enableReload', 'true', 'Flag to indicate whether to perform system config reload when reload split time exceeded.', CONVERT (datetime2,GETDATE(),120))
-EOL-
INSERT INTO SYSTEM_CONFIGS (ID, SYSTEM_CONFIG_GROUP_ID, DISPLAY_ORDER, LABEL, IDENTIFIER, VALUE, DESCRIPTION, CREATED_ON)
VALUES (1512010900000002, 1512010900000001, 2, 'System configuration reload interval', 'system.config.reloadSplitTime', '300', 'System config reload minimum split time. (In second)', CONVERT (datetime2,GETDATE(),120))
-EOL-
INSERT INTO SYSTEM_CONFIGS (ID, SYSTEM_CONFIG_GROUP_ID, DISPLAY_ORDER, LABEL, IDENTIFIER, VALUE, DESCRIPTION, CREATED_ON)
VALUES (1512010900000004, 1512010900000002, 2, 'Missed heartbeat count (Unhealthy)', 'heartbeat.criticalFailedCount', '10', 'Number of heartbeat missed to mark a component''s status with unhealthy indicator.', CONVERT (datetime2,GETDATE(),120))
-EOL-
INSERT INTO SYSTEM_CONFIGS (ID, SYSTEM_CONFIG_GROUP_ID, DISPLAY_ORDER, LABEL, IDENTIFIER, VALUE, DESCRIPTION, CREATED_ON)
VALUES (1512010900000005, 1512010900000001, 3, 'JMS retrieve message timeout', 'jms.timeout.retrieveMessage', '10', 'Timeout for JMS to retrieve message from queue/topic. (In second)', CONVERT (datetime2,GETDATE(),120))
-EOL-
INSERT INTO SYSTEM_CONFIGS (ID, SYSTEM_CONFIG_GROUP_ID, DISPLAY_ORDER, LABEL, IDENTIFIER, VALUE, DESCRIPTION, CREATED_ON)
VALUES (1512010900000006, 1512010900000003, 1, 'File Watcher sleep time', 'w.interval.sleep', '5', 'File Watcher main thread sleeping time. (In second)', CONVERT (datetime2,GETDATE(),120))
-EOL-
INSERT INTO SYSTEM_CONFIGS (ID, SYSTEM_CONFIG_GROUP_ID, DISPLAY_ORDER, LABEL, IDENTIFIER, VALUE, DESCRIPTION, CREATED_ON)
VALUES (1512010900000007, 1512010900000003, 2, 'File Watcher heartbeat interval', 'w.interval.heartbeat', '60', 'File Watcher heartbeat sending interval. (In second)', CONVERT (datetime2,GETDATE(),120))
-EOL-
INSERT INTO SYSTEM_CONFIGS (ID, SYSTEM_CONFIG_GROUP_ID, DISPLAY_ORDER, LABEL, IDENTIFIER, VALUE, DESCRIPTION, CREATED_ON)
VALUES (1512010900000059, 1512010900000003, 3, 'Document last modified date split time', 'w.split.lastModifiedDate', '15', 'Split time to fire document changed event since document''s last modified date. (In second)', CONVERT (datetime2,GETDATE(),120))
-EOL-
INSERT INTO SYSTEM_CONFIGS (ID, SYSTEM_CONFIG_GROUP_ID, DISPLAY_ORDER, LABEL, IDENTIFIER, VALUE, DESCRIPTION, CREATED_ON)
VALUES (1512010900000009, 1512010900000004, 1, 'Content Extractor sleep time', 'e.interval.sleep', '5', 'Content Extractor main thread sleeping time. (In second)', CONVERT (datetime2,GETDATE(),120))
-EOL-
INSERT INTO SYSTEM_CONFIGS (ID, SYSTEM_CONFIG_GROUP_ID, DISPLAY_ORDER, LABEL, IDENTIFIER, VALUE, DESCRIPTION, CREATED_ON)
VALUES (1512010900000010, 1512010900000004, 2, 'Content Extractor heartbeat interval', 'e.interval.heartbeat', '60', 'Content Extractor heartbeat sending interval. (In second)', CONVERT (datetime2,GETDATE(),120))
-EOL-
INSERT INTO SYSTEM_CONFIGS (ID, SYSTEM_CONFIG_GROUP_ID, DISPLAY_ORDER, LABEL, IDENTIFIER, VALUE, DESCRIPTION, CREATED_ON)
VALUES (1512010900000012, 1512010900000005, 1, 'Rule Engine sleep time', 'r.interval.sleep', '5', 'Rule Engine main thread sleeping time. (In second)', CONVERT (datetime2,GETDATE(),120))
-EOL-
INSERT INTO SYSTEM_CONFIGS (ID, SYSTEM_CONFIG_GROUP_ID, DISPLAY_ORDER, LABEL, IDENTIFIER, VALUE, DESCRIPTION, CREATED_ON)
VALUES (1512010900000013, 1512010900000005, 2, 'Rule Engine heartbeat interval', 'r.interval.heartbeat', '60', 'Rule Engine heartbeat sending interval. (In second)', CONVERT (datetime2,GETDATE(),120))
-EOL-
INSERT INTO SYSTEM_CONFIGS (ID, SYSTEM_CONFIG_GROUP_ID, DISPLAY_ORDER, LABEL, IDENTIFIER, VALUE, DESCRIPTION, CREATED_ON)
VALUES (1512010900000017, 1512010900000004, 4, 'Content Extractor task maximum cache size', 'e.size.maxTask', '8', 'Maximum size of pending processing task for Content Extractor.', CONVERT (datetime2,GETDATE(),120))
-EOL-
INSERT INTO SYSTEM_CONFIGS (ID, SYSTEM_CONFIG_GROUP_ID, DISPLAY_ORDER, LABEL, IDENTIFIER, VALUE, DESCRIPTION, CREATED_ON)
VALUES (1512010900000057, 1512010900000004, 5, 'Document extraction retry count (upon failed attempt)', 'e.count.failedExtractionRetry', '3', 'Retry count when document extraction has failed upon received extraction request.', CONVERT (datetime2,GETDATE(),120))
-EOL-
INSERT INTO SYSTEM_CONFIGS (ID, SYSTEM_CONFIG_GROUP_ID, DISPLAY_ORDER, LABEL, IDENTIFIER, VALUE, DESCRIPTION, CREATED_ON)
VALUES (1512010900000058, 1512010900000004, 6, 'Document extraction retry interval (upon failed attempt)', 'e.interval.failedExtractionRetry', '5', 'Document extraction retry interval when document extraction has failed. (In second)', CONVERT (datetime2,GETDATE(),120))
-EOL-
INSERT INTO SYSTEM_CONFIGS (ID, SYSTEM_CONFIG_GROUP_ID, DISPLAY_ORDER, LABEL, IDENTIFIER, VALUE, DESCRIPTION, CREATED_ON)
VALUES (1512010900000021, 1512010900000007, 2, 'Index server retry interval', 'isvr.interval.retry', '60', 'Retry interval when failed to connect with Solr indexing server. (In second)', CONVERT (datetime2,GETDATE(),120))
-EOL-
INSERT INTO SYSTEM_CONFIGS (ID, SYSTEM_CONFIG_GROUP_ID, DISPLAY_ORDER, LABEL, IDENTIFIER, VALUE, DESCRIPTION, CREATED_ON)
VALUES (1512010900000022, 1512010900000001, 6, 'Date/Time format', 'system.format.timeFormat', 'dd/MM/yyyy HH:mm:ss|dd-MM-yyyy HH:mm:ss|EEE, dd MMM yyyy hh:mm:ss a (z)|EEE, dd MMM yyyy HH:mm:ss Z|M/d/yy h:mm a', 'List of time format in use. Separate by |.', CONVERT (datetime2,GETDATE(),120))
-EOL-
INSERT INTO SYSTEM_CONFIGS (ID, SYSTEM_CONFIG_GROUP_ID, DISPLAY_ORDER, LABEL, IDENTIFIER, VALUE, DESCRIPTION, CREATED_ON)
VALUES (1512010900000023, 1512010900000006, 3, 'License Check Last date', 'license.checked.date', CONVERT(VARCHAR(24),GETDATE(),103), 'License check date', CONVERT (datetime2,GETDATE(),120))
-EOL-
INSERT INTO SYSTEM_CONFIGS (ID, SYSTEM_CONFIG_GROUP_ID, DISPLAY_ORDER, LABEL, IDENTIFIER, VALUE, DESCRIPTION, CREATED_ON)
VALUES (1512010900000024, 1512010900000006, 4, 'License Validity', 'license.validity', 'true', 'License check validity', CONVERT (datetime2,GETDATE(),120))
-EOL-
INSERT INTO SYSTEM_CONFIGS (ID, SYSTEM_CONFIG_GROUP_ID, DISPLAY_ORDER, LABEL, IDENTIFIER, VALUE, DESCRIPTION, CREATED_ON)
VALUES (1512010900000025, 1512010900000008, 1, 'SMTP server', 'email.server.url', 'localhost', 'URL for SMTP server.', CONVERT (datetime2,GETDATE(),120))
-EOL-
INSERT INTO SYSTEM_CONFIGS (ID, SYSTEM_CONFIG_GROUP_ID, DISPLAY_ORDER, LABEL, IDENTIFIER, VALUE, DESCRIPTION, CREATED_ON)
VALUES (1512010900000026, 1512010900000008, 2, 'SMTP server port', 'email.server.portNumber', '25', 'Port number of SMTP server. (Default 25)', CONVERT (datetime2,GETDATE(),120))
-EOL-
INSERT INTO SYSTEM_CONFIGS (ID, SYSTEM_CONFIG_GROUP_ID, DISPLAY_ORDER, LABEL, IDENTIFIER, VALUE, DESCRIPTION, CREATED_ON)
VALUES (1512010900000027, 1512010900000008, 3, 'Sender e-mail address', 'email.sender.defaultSenderEmail', 'smartclassifier@nextlabs.com', 'E-mail notification send by this address.', CONVERT (datetime2,GETDATE(),120))
-EOL-
INSERT INTO SYSTEM_CONFIGS (ID, SYSTEM_CONFIG_GROUP_ID, DISPLAY_ORDER, LABEL, IDENTIFIER, VALUE, DESCRIPTION, CREATED_ON)
VALUES (1512010900000028, 1512010900000008, 4, 'Authentication required?', 'email.authentication.required', 'false', 'SMTP server authentication.', CONVERT (datetime2,GETDATE(),120))
-EOL-
INSERT INTO SYSTEM_CONFIGS (ID, SYSTEM_CONFIG_GROUP_ID, DISPLAY_ORDER, LABEL, IDENTIFIER, VALUE, DESCRIPTION, CREATED_ON)
VALUES (1512010900000029, 1512010900000008, 5, 'Username', 'email.authentication.username', 'smartclassifier', 'Username for SMTP upon send e-mail.', CONVERT (datetime2,GETDATE(),120))
-EOL-
INSERT INTO SYSTEM_CONFIGS (ID, SYSTEM_CONFIG_GROUP_ID, DISPLAY_ORDER, LABEL, IDENTIFIER, VALUE, DESCRIPTION, CREATED_ON)
VALUES (1512010900000030, 1512010900000008, 6, 'Password', 'email.authentication.password', 'ENC(se868d7a944215768e5cfaf5ecc82cabd)', 'Password for SMTP upon send e-mail.', CONVERT (datetime2,GETDATE(),120))
-EOL-
INSERT INTO SYSTEM_CONFIGS (ID, SYSTEM_CONFIG_GROUP_ID, DISPLAY_ORDER, LABEL, IDENTIFIER, VALUE, DESCRIPTION, CREATED_ON)
VALUES (1512010900000031, 1512010900000008, 7, 'START TLS enabled?', 'email.starttls.enabled', 'false', 'SMTP server Start TLS.', CONVERT (datetime2,GETDATE(),120))
-EOL-
INSERT INTO SYSTEM_CONFIGS (ID, SYSTEM_CONFIG_GROUP_ID, DISPLAY_ORDER, LABEL, IDENTIFIER, VALUE, DESCRIPTION, CREATED_ON)
VALUES (1512010900000032, 1512010900000008, 8, 'Check server identity?', 'email.server.checkIdentity.enabled', 'false', 'Perform SMTP identity check. (SSL)', CONVERT (datetime2,GETDATE(),120))
-EOL-
INSERT INTO SYSTEM_CONFIGS (ID, SYSTEM_CONFIG_GROUP_ID, DISPLAY_ORDER, LABEL, IDENTIFIER, VALUE, DESCRIPTION, CREATED_ON)
VALUES (1512010900000033, 1512010900000008, 9, 'Mail service debug', 'email.debug', 'true', 'Flag for mail debug.', CONVERT (datetime2,GETDATE(),120))
-EOL-
INSERT INTO SYSTEM_CONFIGS (ID, SYSTEM_CONFIG_GROUP_ID, DISPLAY_ORDER, LABEL, IDENTIFIER, VALUE, DESCRIPTION, CREATED_ON)
VALUES (1512010900000034, 1512010900000001, 7, 'RESTful service default record page size', 'restful.record.pageSize', '10', 'Default record page size', CONVERT (datetime2,GETDATE(),120))
-EOL-
INSERT INTO SYSTEM_CONFIGS (ID, SYSTEM_CONFIG_GROUP_ID, DISPLAY_ORDER, LABEL, IDENTIFIER, VALUE, DESCRIPTION, CREATED_ON)
VALUES (1512010900000041, 1512010900000010, 1, 'Rule Engine query retrieve fields', 'solr.indexing.query.ruleEngineFields', 'id file_id directory folder_url document_name repository_type file_type creation_date last_modified_date author last_author site_url serverrelativeurl_t repository_path last_modified_date_millisecond', 'List of fields during query for rule engine execution', CONVERT (datetime2,GETDATE(),120))
-EOL-
INSERT INTO SYSTEM_CONFIGS (ID, SYSTEM_CONFIG_GROUP_ID, DISPLAY_ORDER, LABEL, IDENTIFIER, VALUE, DESCRIPTION, CREATED_ON)
VALUES (1512010900000042, 1512010900000010, 2, 'Web UI query retrieve fields', 'solr.indexing.query.webUIFields', 'id directory document_name author creation_date_millisecond last_modified_date_millisecond folder_url', 'List of fields during query for Web UI execution', CONVERT (datetime2,GETDATE(),120))
-EOL-
INSERT INTO SYSTEM_CONFIGS (ID, SYSTEM_CONFIG_GROUP_ID, DISPLAY_ORDER, LABEL, IDENTIFIER, VALUE, DESCRIPTION, CREATED_ON)
VALUES (1512010900000043, 1512010900000011, 1, 'Document added event', 'report.log.enable.documentAdded', 'true', 'Set true to enable logging', CONVERT (datetime2,GETDATE(),120))
-EOL-
INSERT INTO SYSTEM_CONFIGS (ID, SYSTEM_CONFIG_GROUP_ID, DISPLAY_ORDER, LABEL, IDENTIFIER, VALUE, DESCRIPTION, CREATED_ON)
VALUES (1512010900000044, 1512010900000011, 2, 'Document updated event', 'report.log.enable.documentUpdated', 'true', 'Set true to enable logging', CONVERT (datetime2,GETDATE(),120))
-EOL-
INSERT INTO SYSTEM_CONFIGS (ID, SYSTEM_CONFIG_GROUP_ID, DISPLAY_ORDER, LABEL, IDENTIFIER, VALUE, DESCRIPTION, CREATED_ON)
VALUES (1512010900000045, 1512010900000011, 3, 'Document removed event', 'report.log.enable.documentRemoved', 'true', 'Set true to enable logging', CONVERT (datetime2,GETDATE(),120))
-EOL-
INSERT INTO SYSTEM_CONFIGS (ID, SYSTEM_CONFIG_GROUP_ID, DISPLAY_ORDER, LABEL, IDENTIFIER, VALUE, DESCRIPTION, CREATED_ON)
VALUES (1512010900000046, 1512010900000011, 4, 'Document extraction successful event', 'report.log.enable.extractionSuccess', 'true', 'Set true to enable logging', CONVERT (datetime2,GETDATE(),120))
-EOL-
INSERT INTO SYSTEM_CONFIGS (ID, SYSTEM_CONFIG_GROUP_ID, DISPLAY_ORDER, LABEL, IDENTIFIER, VALUE, DESCRIPTION, CREATED_ON)
VALUES (1512010900000047, 1512010900000011, 5, 'Document extraction failed event', 'report.log.enable.extractionFailed', 'true', 'Set true to enable logging', CONVERT (datetime2,GETDATE(),120))
-EOL-
INSERT INTO SYSTEM_CONFIGS (ID, SYSTEM_CONFIG_GROUP_ID, DISPLAY_ORDER, LABEL, IDENTIFIER, VALUE, DESCRIPTION, CREATED_ON)
VALUES (1512010900000048, 1512010900000011, 6, 'Document indexed successful event', 'report.log.enable.indexingSuccess', 'true', 'Set true to enable logging', CONVERT (datetime2,GETDATE(),120))
-EOL-
INSERT INTO SYSTEM_CONFIGS (ID, SYSTEM_CONFIG_GROUP_ID, DISPLAY_ORDER, LABEL, IDENTIFIER, VALUE, DESCRIPTION, CREATED_ON)
VALUES (1512010900000049, 1512010900000011, 7, 'Document indexing failed event', 'report.log.enable.indexingFailed', 'true', 'Set true to enable logging', CONVERT (datetime2,GETDATE(),120))
-EOL-
INSERT INTO SYSTEM_CONFIGS (ID, SYSTEM_CONFIG_GROUP_ID, DISPLAY_ORDER, LABEL, IDENTIFIER, VALUE, DESCRIPTION, CREATED_ON)
VALUES (1512010900000050, 1512010900000011, 8, 'Rule execution start event', 'report.log.enable.ruleExecutionStart', 'true', 'Set true to enable logging', CONVERT (datetime2,GETDATE(),120))
-EOL-
INSERT INTO SYSTEM_CONFIGS (ID, SYSTEM_CONFIG_GROUP_ID, DISPLAY_ORDER, LABEL, IDENTIFIER, VALUE, DESCRIPTION, CREATED_ON)
VALUES (1512010900000051, 1512010900000011, 9, 'Rule execution end event', 'report.log.enable.ruleExecutionEnd', 'true', 'Set true to enable logging', CONVERT (datetime2,GETDATE(),120))
-EOL-
INSERT INTO SYSTEM_CONFIGS (ID, SYSTEM_CONFIG_GROUP_ID, DISPLAY_ORDER, LABEL, IDENTIFIER, VALUE, DESCRIPTION, CREATED_ON)
VALUES (1512010900000052, 1512010900000011, 10, 'Rule execution success event', 'report.log.enable.ruleExecutionSuccess', 'true', 'Set true to enable logging', CONVERT (datetime2,GETDATE(),120))
-EOL-
INSERT INTO SYSTEM_CONFIGS (ID, SYSTEM_CONFIG_GROUP_ID, DISPLAY_ORDER, LABEL, IDENTIFIER, VALUE, DESCRIPTION, CREATED_ON)
VALUES (1512010900000053, 1512010900000011, 11, 'Rule execution failed event', 'report.log.enable.ruleExecutionFailed', 'true', 'Set true to enable logging', CONVERT (datetime2,GETDATE(),120))
-EOL-
INSERT INTO SYSTEM_CONFIGS (ID, SYSTEM_CONFIG_GROUP_ID, DISPLAY_ORDER, LABEL, IDENTIFIER, VALUE, DESCRIPTION, CREATED_ON)
VALUES (1512010900000054, 1512010900000011, 12, 'Action execution success event', 'report.log.enable.actionExecutionSuccess', 'true', 'Set true to enable logging', CONVERT (datetime2,GETDATE(),120))
-EOL-
INSERT INTO SYSTEM_CONFIGS (ID, SYSTEM_CONFIG_GROUP_ID, DISPLAY_ORDER, LABEL, IDENTIFIER, VALUE, DESCRIPTION, CREATED_ON)
VALUES (1512010900000055, 1512010900000011, 13, 'Action execution failed event', 'report.log.enable.actionExecutionFailed', 'true', 'Set true to enable logging', CONVERT (datetime2,GETDATE(),120))
-EOL-
INSERT INTO SYSTEM_CONFIGS (ID, SYSTEM_CONFIG_GROUP_ID, DISPLAY_ORDER, LABEL, IDENTIFIER, VALUE, DESCRIPTION, CREATED_ON)
VALUES (1512010900000056, 1512010900000011, 14, 'Event retention period (in days)', 'report.log.retention.day', '90', 'Event record older than this value will be moved to archive table', CONVERT (datetime2,GETDATE(),120))
-EOL-
INSERT INTO DOCUMENT_EXTRACTORS (ID, EXTENSION, CLASS_NAME, DEFAULT_SIZE_LIMIT, CREATED_ON)
VALUES (1512010900000001, 'doc', 'com.nextlabs.smartclassifier.poi.DOCExtractor', 10,  CONVERT (datetime2,GETDATE(),120))
-EOL-
INSERT INTO DOCUMENT_EXTRACTORS (ID, EXTENSION, CLASS_NAME, DEFAULT_SIZE_LIMIT, CREATED_ON)
VALUES (1512010900000002, 'docx', 'com.nextlabs.smartclassifier.poi.DOCXExtractor', 10, CONVERT (datetime2,GETDATE(),120))
-EOL-
INSERT INTO DOCUMENT_EXTRACTORS (ID, EXTENSION, CLASS_NAME, DEFAULT_SIZE_LIMIT, CREATED_ON)
VALUES (1512010900000003, 'ppt', 'com.nextlabs.smartclassifier.poi.PPTExtractor', 10, CONVERT (datetime2,GETDATE(),120))
-EOL-
INSERT INTO DOCUMENT_EXTRACTORS (ID, EXTENSION, CLASS_NAME, DEFAULT_SIZE_LIMIT, CREATED_ON)
VALUES (1512010900000004, 'pptx', 'com.nextlabs.smartclassifier.poi.PPTXExtractor', 10, CONVERT (datetime2,GETDATE(),120))
-EOL-
INSERT INTO DOCUMENT_EXTRACTORS (ID, EXTENSION, CLASS_NAME, DEFAULT_SIZE_LIMIT, CREATED_ON)
VALUES (1512010900000005, 'xls', 'com.nextlabs.smartclassifier.poi.XLSExtractor', 10, CONVERT (datetime2,GETDATE(),120))
-EOL-
INSERT INTO DOCUMENT_EXTRACTORS (ID, EXTENSION, CLASS_NAME, DEFAULT_SIZE_LIMIT, CREATED_ON)
VALUES (1512010900000006, 'xlsx', 'com.nextlabs.smartclassifier.poi.XLSXExtractor', 10, CONVERT (datetime2,GETDATE(),120))
-EOL-
INSERT INTO DOCUMENT_EXTRACTORS (ID, EXTENSION, CLASS_NAME, DEFAULT_SIZE_LIMIT, PARAM, CREATED_ON)
VALUES (1512010900000007, 'pdf', 'com.nextlabs.smartclassifier.pdfbox.PDFExtractor', 10, 'HeaderOffset=72|FooterOffset=72', CONVERT (datetime2,GETDATE(),120))
-EOL-
INSERT INTO DOCUMENT_EXTRACTORS (ID, EXTENSION, CLASS_NAME, DEFAULT_SIZE_LIMIT, CREATED_ON)
VALUES (1512010900000008, 'vsd', 'com.nextlabs.smartclassifier.poi.VSDExtractor', 10, CONVERT (datetime2,GETDATE(),120))
-EOL-
INSERT INTO DOCUMENT_EXTRACTORS (ID, EXTENSION, CLASS_NAME, DEFAULT_SIZE_LIMIT, CREATED_ON)
VALUES (1512010900000010, 'msg', 'com.nextlabs.smartclassifier.poi.MSGExtractor', 10, CONVERT (datetime2,GETDATE(),120))
-EOL-
INSERT INTO DOCUMENT_EXTRACTORS (ID, EXTENSION, CLASS_NAME, DEFAULT_SIZE_LIMIT, CREATED_ON)
VALUES (1512010900000011, 'nxl', 'com.nextlabs.smartclassifier.nxl.NXLExtractor', 0, CONVERT (datetime2,GETDATE(),120))
-EOL-
INSERT INTO DOCUMENT_EXTRACTORS (ID, EXTENSION, CLASS_NAME, DEFAULT_SIZE_LIMIT, CREATED_ON)
VALUES (1512010900000012, 'txt', 'com.nextlabs.smartclassifier.plain.PlainTextExtractor', 0, CONVERT (datetime2,GETDATE(),120))
-EOL-
INSERT INTO DOCUMENT_EXTRACTORS (ID, EXTENSION, CLASS_NAME, DEFAULT_SIZE_LIMIT, CREATED_ON)
VALUES (1512010900000013, 'png', 'com.nextlabs.smartclassifier.GenericExtractor', 0, CONVERT (datetime2,GETDATE(),120))
-EOL-
INSERT INTO DOCUMENT_EXTRACTORS (ID, EXTENSION, CLASS_NAME, DEFAULT_SIZE_LIMIT, CREATED_ON)
VALUES (1512010900000014, 'jpg', 'com.nextlabs.smartclassifier.GenericExtractor', 0, CONVERT (datetime2,GETDATE(),120))
-EOL-
INSERT INTO DOCUMENT_EXTRACTORS (ID, EXTENSION, CLASS_NAME, DEFAULT_SIZE_LIMIT, CREATED_ON)
VALUES (1512010900000015, 'dwg', 'com.nextlabs.smartclassifier.GenericExtractor', 0, CONVERT (datetime2,GETDATE(),120))
-EOL-
INSERT INTO DOCUMENT_EXTRACTORS (ID, EXTENSION, CLASS_NAME, DEFAULT_SIZE_LIMIT, CREATED_ON)
VALUES (1512010900000016, 'jt', 'com.nextlabs.smartclassifier.GenericExtractor', 0, CONVERT (datetime2,GETDATE(),120))
-EOL-
INSERT INTO DOCUMENT_EXTRACTORS (ID, EXTENSION, CLASS_NAME, DEFAULT_SIZE_LIMIT, CREATED_ON)
VALUES (1512010900000017, 'prt', 'com.nextlabs.smartclassifier.GenericExtractor', 0, CONVERT (datetime2,GETDATE(),120))
-EOL-
INSERT INTO DOCUMENT_EXTRACTORS (ID, EXTENSION, CLASS_NAME, DEFAULT_SIZE_LIMIT, CREATED_ON)
VALUES (1512010900000018, 'rh', 'com.nextlabs.smartclassifier.GenericExtractor', 0, CONVERT (datetime2,GETDATE(),120))
-EOL-
INSERT INTO DOCUMENT_EXTRACTORS (ID, EXTENSION, CLASS_NAME, DEFAULT_SIZE_LIMIT, CREATED_ON)
VALUES (1512010900000019, 'vds', 'com.nextlabs.smartclassifier.GenericExtractor', 0, CONVERT (datetime2,GETDATE(),120))
-EOL-
INSERT INTO DOCUMENT_EXTRACTORS (ID, EXTENSION, CLASS_NAME, DEFAULT_SIZE_LIMIT, CREATED_ON)
VALUES (1512010900000020, 'igs', 'com.nextlabs.smartclassifier.GenericExtractor', 0, CONVERT (datetime2,GETDATE(),120))
-EOL-
INSERT INTO DOCUMENT_EXTRACTORS (ID, EXTENSION, CLASS_NAME, DEFAULT_SIZE_LIMIT, CREATED_ON)
VALUES (1512010900000021, 'stp', 'com.nextlabs.smartclassifier.GenericExtractor', 0, CONVERT (datetime2,GETDATE(),120))
-EOL-
INSERT INTO DOCUMENT_EXTRACTORS (ID, EXTENSION, CLASS_NAME, DEFAULT_SIZE_LIMIT, CREATED_ON)
VALUES (1512010900000022, 'step', 'com.nextlabs.smartclassifier.GenericExtractor', 0, CONVERT (datetime2,GETDATE(),120))
-EOL-
INSERT INTO DOCUMENT_EXTRACTORS (ID, EXTENSION, CLASS_NAME, DEFAULT_SIZE_LIMIT, CREATED_ON)
VALUES (1512010900000023, 'sldprt', 'com.nextlabs.smartclassifier.GenericExtractor', 0, CONVERT (datetime2,GETDATE(),120))
-EOL-
INSERT INTO DOCUMENT_EXTRACTORS (ID, EXTENSION, CLASS_NAME, DEFAULT_SIZE_LIMIT, CREATED_ON)
VALUES (1512010900000024, 'par', 'com.nextlabs.smartclassifier.GenericExtractor', 0, CONVERT (datetime2,GETDATE(),120))
-EOL-
INSERT INTO DOCUMENT_EXTRACTORS (ID, EXTENSION, CLASS_NAME, DEFAULT_SIZE_LIMIT, CREATED_ON)
VALUES (1512010900000025, 'psm', 'com.nextlabs.smartclassifier.GenericExtractor', 0, CONVERT (datetime2,GETDATE(),120))
-EOL-
INSERT INTO DOCUMENT_EXTRACTORS (ID, EXTENSION, CLASS_NAME, DEFAULT_SIZE_LIMIT, CREATED_ON)
VALUES (1512010900000026, 'asm', 'com.nextlabs.smartclassifier.GenericExtractor', 0, CONVERT (datetime2,GETDATE(),120))
-EOL-
INSERT INTO DOCUMENT_EXTRACTORS (ID, EXTENSION, CLASS_NAME, DEFAULT_SIZE_LIMIT, CREATED_ON)
VALUES (1512010900000027, 'cgr', 'com.nextlabs.smartclassifier.GenericExtractor', 0, CONVERT (datetime2,GETDATE(),120))
-EOL-
INSERT INTO DOCUMENT_EXTRACTORS (ID, EXTENSION, CLASS_NAME, DEFAULT_SIZE_LIMIT, CREATED_ON)
VALUES (1512010900000028, 'CATPart', 'com.nextlabs.smartclassifier.GenericExtractor', 0, CONVERT (datetime2,GETDATE(),120))
-EOL-
INSERT INTO DOCUMENT_EXTRACTORS (ID, EXTENSION, CLASS_NAME, DEFAULT_SIZE_LIMIT, CREATED_ON)
VALUES (1512010900000029, 'CATProduct', 'com.nextlabs.smartclassifier.GenericExtractor', 0, CONVERT (datetime2,GETDATE(),120))
-EOL-
INSERT INTO DOCUMENT_EXTRACTORS (ID, EXTENSION, CLASS_NAME, DEFAULT_SIZE_LIMIT, CREATED_ON)
VALUES (1512010900000030, '3dxml', 'com.nextlabs.smartclassifier.GenericExtractor', 0, CONVERT (datetime2,GETDATE(),120))
-EOL-
INSERT INTO DOCUMENT_EXTRACTORS (ID, EXTENSION, CLASS_NAME, DEFAULT_SIZE_LIMIT, CREATED_ON)
VALUES (1512010900000031, 'X_t', 'com.nextlabs.smartclassifier.GenericExtractor', 0, CONVERT (datetime2,GETDATE(),120))
-EOL-
INSERT INTO DOCUMENT_EXTRACTORS (ID, EXTENSION, CLASS_NAME, DEFAULT_SIZE_LIMIT, CREATED_ON)
VALUES (1512010900000032, 'X_b', 'com.nextlabs.smartclassifier.GenericExtractor', 0, CONVERT (datetime2,GETDATE(),120))
-EOL-
INSERT INTO DOCUMENT_EXTRACTORS (ID, EXTENSION, CLASS_NAME, DEFAULT_SIZE_LIMIT, CREATED_ON)
VALUES (1512010900000033, 'Xmt_txt', 'com.nextlabs.smartclassifier.GenericExtractor', 0, CONVERT (datetime2,GETDATE(),120))
-EOL-
INSERT INTO DOCUMENT_EXTRACTORS (ID, EXTENSION, CLASS_NAME, DEFAULT_SIZE_LIMIT, CREATED_ON)
VALUES (1512010900000034, 'lpt', 'com.nextlabs.smartclassifier.GenericExtractor', 0, CONVERT (datetime2,GETDATE(),120))
-EOL-
INSERT INTO DOCUMENT_EXTRACTORS (ID, EXTENSION, CLASS_NAME, DEFAULT_SIZE_LIMIT, CREATED_ON)
VALUES (1512010900000035, 'lam', 'com.nextlabs.smartclassifier.GenericExtractor', 0, CONVERT (datetime2,GETDATE(),120))
-EOL-
INSERT INTO DOCUMENT_EXTRACTORS (ID, EXTENSION, CLASS_NAME, DEFAULT_SIZE_LIMIT, CREATED_ON)
VALUES (1512010900000036, 'csv', 'com.nextlabs.smartclassifier.plain.PlainTextExtractor', 0, CONVERT (datetime2,GETDATE(),120))
-EOL-
INSERT INTO ACTION_PLUGINS (ID, DISPLAY_ORDER, CLASS_NAME, NAME, DISPLAY_NAME, DESCRIPTION, REPOSITORY_TYPE, FIRE_ONCE_PER_RULE)
VALUES (1512300900000009, 4, 'com.nextlabs.smartclassifier.plugin.action.sharedfolders.addtag.AddTag', 'ADD_TAG (SHARED FOLDER)', 'Classify', 'Add specified tag(s) to given file(s).', 'SHARED FOLDER', 0)
-EOL-
INSERT INTO ACTION_PLUGINS (ID, DISPLAY_ORDER, CLASS_NAME, NAME, DISPLAY_NAME, DESCRIPTION, REPOSITORY_TYPE, FIRE_ONCE_PER_RULE)
VALUES (1512300900000001, 1, 'com.nextlabs.smartclassifier.plugin.action.sharedfolders.copy.CopyFile', 'COPY_FILE (SHARED FOLDER)', 'Copy', 'Copy given file(s) to defined target folder.', 'SHARED FOLDER', 0)
-EOL-
INSERT INTO ACTION_PLUGINS (ID, DISPLAY_ORDER, CLASS_NAME, NAME, DISPLAY_NAME, DESCRIPTION, REPOSITORY_TYPE, FIRE_ONCE_PER_RULE)
VALUES (1512300900000003, 3, 'com.nextlabs.smartclassifier.plugin.action.sharedfolders.delete.DeleteFile', 'DELETE_FILE (SHARED FOLDER)', 'Delete', 'Delete given file(s) from its location.', 'SHARED FOLDER', 0)
-EOL-
INSERT INTO ACTION_PLUGINS (ID, DISPLAY_ORDER, CLASS_NAME, NAME, DISPLAY_NAME, DESCRIPTION, REPOSITORY_TYPE, FIRE_ONCE_PER_RULE)
VALUES (1512300900000010, 8, 'com.nextlabs.smartclassifier.plugin.action.sharedfolders.mail.SendEmail', 'EMAIL_NOTIFICATION (SHARED FOLDER)', 'Email Notification', 'Send e-mail notification to indicate the list of files matching the critertia.', 'SHARED FOLDER', 1)
-EOL-
INSERT INTO ACTION_PLUGINS (ID, DISPLAY_ORDER, CLASS_NAME, NAME, DISPLAY_NAME, DESCRIPTION, REPOSITORY_TYPE, FIRE_ONCE_PER_RULE)
VALUES (1512300900000006, 2, 'com.nextlabs.smartclassifier.plugin.action.sharedfolders.move.MoveFile', 'MOVE_FILE (SHARED FOLDER)', 'Move', 'Move given file(s) to defined target folder.', 'SHARED FOLDER', 0)
-EOL-
INSERT INTO ACTION_PLUGINS (ID, DISPLAY_ORDER, CLASS_NAME, NAME, DISPLAY_NAME, DESCRIPTION, REPOSITORY_TYPE, FIRE_ONCE_PER_RULE)
VALUES (1512300900000008, 5, 'com.nextlabs.smartclassifier.plugin.action.sharedfolders.removetag.RemoveTag', 'REMOVE_TAG (SHARED FOLDER)', 'Remove Classification', 'Remove specified tag(s) from given file(s).', 'SHARED FOLDER', 0)
-EOL-
INSERT INTO ACTION_PLUGIN_PARAMS (ID, ACTION_PLUGIN_ID, DISPLAY_ORDER, PARAM_TYPE, COLLECTIONS, KEY_VALUE, DATA_TYPE, LABEL, IDENTIFIER, FIXED_PARAMETER)
VALUES (1512301609000002, 1512300900000009, 1, 'P', 0, 0, 'Boolean', 'Perform on security enabled metadata', 'edit-encrypted-document', 0)
-EOL-
INSERT INTO ACTION_PLUGIN_PARAMS (ID, ACTION_PLUGIN_ID, DISPLAY_ORDER, PARAM_TYPE, COLLECTIONS, KEY_VALUE, DATA_TYPE, LABEL, IDENTIFIER, FIXED_PARAMETER)
VALUES (1512301609000001, 1512300900000009, 2, 'T', 1, 1, 'String', 'Metadata', 'tag', 0)
-EOL-
INSERT INTO ACTION_PLUGINS (ID, DISPLAY_ORDER, CLASS_NAME, NAME, DISPLAY_NAME, DESCRIPTION, REPOSITORY_TYPE, FIRE_ONCE_PER_RULE)
VALUES (1512300900000015, 14, 'com.nextlabs.smartclassifier.plugin.action.sharepoint.addtag.AddTag', 'ADD_TAG (SHAREPOINT)', 'Classify', 'Add specified tag(s) to given file(s).', 'SHAREPOINT', 0)
-EOL-
INSERT INTO ACTION_PLUGINS (ID, DISPLAY_ORDER, CLASS_NAME, NAME, DISPLAY_NAME, DESCRIPTION, REPOSITORY_TYPE, FIRE_ONCE_PER_RULE)
VALUES (1512300900000012, 11, 'com.nextlabs.smartclassifier.plugin.action.sharepoint.copy.CopyFile', 'COPY_FILE (SHAREPOINT)', 'Copy', 'Copy given file(s) to defined target folder.', 'SHAREPOINT', 0)
-EOL-
INSERT INTO ACTION_PLUGINS (ID, DISPLAY_ORDER, CLASS_NAME, NAME, DISPLAY_NAME, DESCRIPTION, REPOSITORY_TYPE, FIRE_ONCE_PER_RULE)
VALUES (1512300900000014, 13, 'com.nextlabs.smartclassifier.plugin.action.sharepoint.delete.DeleteFile', 'DELETE_FILE (SHAREPOINT)', 'Delete', 'Delete file or a folder.', 'SHAREPOINT', 0)
-EOL-
INSERT INTO ACTION_PLUGINS (ID, DISPLAY_ORDER, CLASS_NAME, NAME, DISPLAY_NAME, DESCRIPTION, REPOSITORY_TYPE, FIRE_ONCE_PER_RULE)
VALUES (1512300900000020, 19, 'com.nextlabs.smartclassifier.plugin.action.sharepoint.notify.EMailNotify', 'EMAIL_NOTIFICATION (SHAREPOINT)', 'Email Notification', 'Send e-mail notification to indicate the list of files matching the critertia.', 'SHAREPOINT', 1)
-EOL-
INSERT INTO ACTION_PLUGINS (ID, DISPLAY_ORDER, CLASS_NAME, NAME, DISPLAY_NAME, DESCRIPTION, REPOSITORY_TYPE, FIRE_ONCE_PER_RULE)
VALUES (1512300900000013, 12, 'com.nextlabs.smartclassifier.plugin.action.sharepoint.move.MoveFile', 'MOVE_FILE (SHAREPOINT)', 'Move', 'Move given file(s) to the destination folder', 'SHAREPOINT', 0)
-EOL-
INSERT INTO ACTION_PLUGINS (ID, DISPLAY_ORDER, CLASS_NAME, NAME, DISPLAY_NAME, DESCRIPTION, REPOSITORY_TYPE, FIRE_ONCE_PER_RULE)
VALUES (1512300900000017, 16, 'com.nextlabs.smartclassifier.plugin.action.sharepoint.removetag.RemoveTag', 'REMOVE_TAG (SHAREPOINT)', 'Remove Classification', 'Remove specified tag(s) from given file(s).', 'SHAREPOINT', 0)
-EOL-
INSERT INTO ACTION_PLUGINS (ID, DISPLAY_ORDER, CLASS_NAME, NAME, DISPLAY_NAME, DESCRIPTION, REPOSITORY_TYPE, FIRE_ONCE_PER_RULE)
VALUES (1512300900000016, 15, 'com.nextlabs.smartclassifier.plugin.action.sharepoint.setcolumnvalue.SetColumnValue', 'SET_COLUMN_VALUE (SHAREPOINT)', 'Set Column Value', 'Set a column value in SharePoint library', 'SHAREPOINT', 0)
-EOL-
INSERT INTO ACTION_PLUGIN_PARAMS (ID, ACTION_PLUGIN_ID, DISPLAY_ORDER, PARAM_TYPE, COLLECTIONS, KEY_VALUE, DATA_TYPE, LABEL, IDENTIFIER, FIXED_PARAMETER)
VALUES (1512301601000001, 1512300900000001, 1, 'P', 0, 0, 'String', 'Destination folder', 'target', 0)
-EOL-
INSERT INTO ACTION_PLUGIN_PARAMS (ID, ACTION_PLUGIN_ID, DISPLAY_ORDER, PARAM_TYPE, COLLECTIONS, KEY_VALUE, DATA_TYPE, LABEL, IDENTIFIER, FIXED_PARAMETER)
VALUES (1512301601000002, 1512300900000001, 2, 'P', 0, 0, 'Boolean', 'Overwrite if file exist in destination folder', 'overwrite', 0)
-EOL-
INSERT INTO ACTION_PLUGIN_PARAMS (ID, ACTION_PLUGIN_ID, DISPLAY_ORDER, PARAM_TYPE, COLLECTIONS, KEY_VALUE, DATA_TYPE, LABEL, IDENTIFIER, FIXED_PARAMETER, FIXED_VALUE)
VALUES (1512301610000001, 1512300900000010, 1, 'P', 0, 0, 'String', 'Folder for storing snapshot files (must be on the UI machine)', 'snapshots-folder', 1, '\\\\UIMachineHostName\\')
-EOL-
INSERT INTO ACTION_PLUGIN_PARAMS (ID, ACTION_PLUGIN_ID, DISPLAY_ORDER, PARAM_TYPE, COLLECTIONS, KEY_VALUE, DATA_TYPE, LABEL, IDENTIFIER, FIXED_PARAMETER)
VALUES (1512301610000002, 1512300900000010, 2, 'P', 1, 0, 'Email', 'Recipient', 'email-recipient', 0)
-EOL-
INSERT INTO ACTION_PLUGIN_PARAMS (ID, ACTION_PLUGIN_ID, DISPLAY_ORDER, PARAM_TYPE, COLLECTIONS, KEY_VALUE, DATA_TYPE, LABEL, IDENTIFIER, FIXED_PARAMETER)
VALUES (1512301610000003, 1512300900000010, 3, 'P', 0, 0, 'String', 'Subject', 'email-subject', 0)
-EOL-
INSERT INTO ACTION_PLUGIN_PARAMS (ID, ACTION_PLUGIN_ID, DISPLAY_ORDER, PARAM_TYPE, COLLECTIONS, KEY_VALUE, DATA_TYPE, LABEL, IDENTIFIER, FIXED_PARAMETER)
VALUES (1512301610000004, 1512300900000010, 4, 'P', 0, 0, 'Text', 'Content', 'email-content', 0)
-EOL-
INSERT INTO ACTION_PLUGIN_PARAMS (ID, ACTION_PLUGIN_ID, DISPLAY_ORDER, PARAM_TYPE, COLLECTIONS, KEY_VALUE, DATA_TYPE, LABEL, IDENTIFIER, FIXED_PARAMETER)
VALUES (1512301606000001, 1512300900000006, 1, 'P', 0, 0, 'String', 'Destination folder', 'target', 0)
-EOL-
INSERT INTO ACTION_PLUGIN_PARAMS (ID, ACTION_PLUGIN_ID, DISPLAY_ORDER, PARAM_TYPE, COLLECTIONS, KEY_VALUE, DATA_TYPE, LABEL, IDENTIFIER, FIXED_PARAMETER)
VALUES (1512301606000002, 1512300900000006, 2, 'P', 0, 0, 'Boolean', 'Overwrite if file exist in destination folder', 'overwrite', 0)
-EOL-
INSERT INTO ACTION_PLUGIN_PARAMS (ID, ACTION_PLUGIN_ID, DISPLAY_ORDER, PARAM_TYPE, COLLECTIONS, KEY_VALUE, DATA_TYPE, LABEL, IDENTIFIER, FIXED_PARAMETER)
VALUES (1512301608000002, 1512300900000008, 1, 'P', 0, 0, 'Boolean', 'Perform on security enabled metadata', 'edit-encrypted-document', 0)
-EOL-
INSERT INTO ACTION_PLUGIN_PARAMS (ID, ACTION_PLUGIN_ID, DISPLAY_ORDER, PARAM_TYPE, COLLECTIONS, KEY_VALUE, DATA_TYPE, LABEL, IDENTIFIER, FIXED_PARAMETER)
VALUES (1512301608000001, 1512300900000008, 2, 'T', 1, 0, 'String', 'Metadata to remove', 'tag', 0)
-EOL-
INSERT INTO USERS (ID, USER_TYPE, USERNAME, DISPLAY_NAME, LAST_NAME, PASSWORD, ADMIN, VISIBLE, ENABLED, STATUS, CREATED_ON)
VALUES (1612300900000001, 'I', 'Administrator', 'Administrator', 'Administrator', 'c9808cfe7a98acf1088e791b41bdaeed', 1, 1, 1, 'ACTIVE', CONVERT (datetime2,GETDATE(),120))
-EOL-
INSERT INTO ACTION_PLUGIN_PARAMS (ID, ACTION_PLUGIN_ID, DISPLAY_ORDER, PARAM_TYPE, COLLECTIONS, KEY_VALUE, DATA_TYPE, LABEL, IDENTIFIER, FIXED_PARAMETER)
VALUES (1512301615000001, 1512300900000015, 1, 'T', 1, 1, 'String', 'Metadata', 'tag', 0)
-EOL-
INSERT INTO ACTION_PLUGIN_PARAMS (ID, ACTION_PLUGIN_ID, DISPLAY_ORDER, PARAM_TYPE, COLLECTIONS, KEY_VALUE, DATA_TYPE, LABEL, IDENTIFIER, FIXED_PARAMETER)
VALUES (1512301612000001, 1512300900000012, 1, 'P', 0, 0, 'String', 'Destination folder', 'target', 0)
-EOL-
INSERT INTO ACTION_PLUGIN_PARAMS (ID, ACTION_PLUGIN_ID, DISPLAY_ORDER, PARAM_TYPE, COLLECTIONS, KEY_VALUE, DATA_TYPE, LABEL, IDENTIFIER, FIXED_PARAMETER)
VALUES (1512301612000002, 1512300900000012, 2, 'P', 0, 0, 'Boolean', 'Overwrite if file exist in destination folder', 'overwrite', 0)
-EOL-
INSERT INTO ACTION_PLUGIN_PARAMS (ID, ACTION_PLUGIN_ID, DISPLAY_ORDER, PARAM_TYPE, COLLECTIONS, KEY_VALUE, DATA_TYPE, LABEL, IDENTIFIER, FIXED_PARAMETER, FIXED_VALUE)
VALUES (1512301620000001, 1512300900000020, 1, 'P', 0, 0, 'String', 'Folder for storing snapshot files (must be on the UI machine)', 'snapshots-folder', 1, '\\\\@hostname\\')
-EOL-
INSERT INTO ACTION_PLUGIN_PARAMS (ID, ACTION_PLUGIN_ID, DISPLAY_ORDER, PARAM_TYPE, COLLECTIONS, KEY_VALUE, DATA_TYPE, LABEL, IDENTIFIER, FIXED_PARAMETER)
VALUES (1512301620000002, 1512300900000020, 2, 'P', 1, 0, 'Email', 'Recipient', 'email-recipient', 0)
-EOL-
INSERT INTO ACTION_PLUGIN_PARAMS (ID, ACTION_PLUGIN_ID, DISPLAY_ORDER, PARAM_TYPE, COLLECTIONS, KEY_VALUE, DATA_TYPE, LABEL, IDENTIFIER, FIXED_PARAMETER)
VALUES (1512301620000003, 1512300900000020, 3, 'P', 0, 0, 'String', 'Subject', 'email-subject', 0)
-EOL-
INSERT INTO ACTION_PLUGIN_PARAMS (ID, ACTION_PLUGIN_ID, DISPLAY_ORDER, PARAM_TYPE, COLLECTIONS, KEY_VALUE, DATA_TYPE, LABEL, IDENTIFIER, FIXED_PARAMETER)
VALUES (1512301620000004, 1512300900000020, 4, 'P', 0, 0, 'Text', 'Content', 'email-content', 0)
-EOL-
INSERT INTO ACTION_PLUGIN_PARAMS (ID, ACTION_PLUGIN_ID, DISPLAY_ORDER, PARAM_TYPE, COLLECTIONS, KEY_VALUE, DATA_TYPE, LABEL, IDENTIFIER, FIXED_PARAMETER)
VALUES (1512301613000001, 1512300900000013, 1, 'P', 0, 0, 'String', 'Destination folder', 'target', 0)
-EOL-
INSERT INTO ACTION_PLUGIN_PARAMS (ID, ACTION_PLUGIN_ID, DISPLAY_ORDER, PARAM_TYPE, COLLECTIONS, KEY_VALUE, DATA_TYPE, LABEL, IDENTIFIER, FIXED_PARAMETER)
VALUES (1512301613000002, 1512300900000013, 2, 'P', 0, 0, 'Boolean', 'Overwrite if file exist in destination folder', 'overwrite', 0)
-EOL-
INSERT INTO ACTION_PLUGIN_PARAMS (ID, ACTION_PLUGIN_ID, DISPLAY_ORDER, PARAM_TYPE, COLLECTIONS, KEY_VALUE, DATA_TYPE, LABEL, IDENTIFIER, FIXED_PARAMETER)
VALUES (1512301617000001, 1512300900000017, 1, 'T', 1, 0, 'String', 'Metadata to remove', 'tag', 0)
-EOL-
INSERT INTO ACTION_PLUGIN_PARAMS (ID, ACTION_PLUGIN_ID, DISPLAY_ORDER, PARAM_TYPE, COLLECTIONS, KEY_VALUE, DATA_TYPE, LABEL, IDENTIFIER, FIXED_PARAMETER)
VALUES (1512301616000001, 1512300900000016, 1, 'T', 0, 1, 'String', 'Column', 'tag', 0)
-EOL-
CREATE VIEW [dbo].[View_Success_Summary]
 AS SELECT [FILE_TYPE],
 SUM([EXTRACTION_TIME]) AS total_extraction_time,
 AVG([EXTRACTION_TIME]) as avg_extraction_time,
 SUM([INDEXING_TIME]) as total_indexing_time,
 AVG([INDEXING_TIME]) as avg_indexing_time,
 SUM([EXTRACTION_TIME] + [INDEXING_TIME]) as total_processing_time,
 AVG([EXTRACTION_TIME] + [INDEXING_TIME]) as avg_processing_time,
 SUM([FILE_SIZE]) as total_file_size,
 AVG([FILE_SIZE]) AS avg_file_size,
 COUNT(*) as file_count
 FROM [DOCUMENT_RECORDS]
 WHERE [ERROR_MESSAGE] is null
 GROUP BY [FILE_TYPE]
-EOL-
CREATE VIEW [dbo].[View_Failure_By_Type]
 AS SELECT [FILE_TYPE],
 COUNT(*) as total_failed_file
 FROM [DOCUMENT_RECORDS]
 WHERE [ERROR_MESSAGE] is not null
 GROUP BY [FILE_TYPE]
-EOL-
CREATE VIEW [dbo].[View_Failure_Summary]
 AS SELECT ERROR_MESSAGE, COUNT(*) AS failed_count
 FROM dbo.DOCUMENT_RECORDS
 WHERE (ERROR_MESSAGE IS NOT NULL)
 GROUP BY ERROR_MESSAGE
-EOL-
INSERT INTO ACTION_PLUGINS (ID, DISPLAY_ORDER, CLASS_NAME, NAME, DISPLAY_NAME, DESCRIPTION, REPOSITORY_TYPE, FIRE_ONCE_PER_RULE)
VALUES (1512300900000021, 20, 'com.nextlabs.smartclassifier.plugin.action.sharedfolders.skydrm.encrypt.SkyDRMEncryptFile', 'SKYDRM_ENCRYPT_FILE (SHARED FOLDER)', 'Protect (SkyDRM)', 'Encrypt given file(s) with NextLabs SkyDRM library.', 'SHARED FOLDER', 0)
-EOL-
INSERT INTO ACTION_PLUGIN_PARAMS (ID, ACTION_PLUGIN_ID, DISPLAY_ORDER, PARAM_TYPE, COLLECTIONS, KEY_VALUE, DATA_TYPE, LABEL, IDENTIFIER, FIXED_PARAMETER)
VALUES (1512301605100001, 1512300900000021, 1, 'P', 0, 0, 'Boolean', 'Delete original file', 'delete-original-file', 0)
-EOL-
INSERT INTO ACTION_PLUGIN_PARAMS (ID, ACTION_PLUGIN_ID, DISPLAY_ORDER, PARAM_TYPE, COLLECTIONS, KEY_VALUE, DATA_TYPE, LABEL, IDENTIFIER, FIXED_PARAMETER)
VALUES (1512301605100009, 1512300900000021, 2, 'T', 1, 1, 'String', 'Metadata', 'tag', 0)
-EOL-
INSERT INTO ACTION_PLUGIN_PARAMS (ID, ACTION_PLUGIN_ID, DISPLAY_ORDER, PARAM_TYPE, COLLECTIONS, KEY_VALUE, DATA_TYPE, LABEL, IDENTIFIER, FIXED_PARAMETER)
VALUES (1512301605100010, 1512300900000021, 3, 'P', 0, 0, 'String', 'Project Name', 'project-name', 0)
-EOL-
INSERT INTO ACTION_PLUGINS (ID, DISPLAY_ORDER, CLASS_NAME, NAME, DISPLAY_NAME, DESCRIPTION, REPOSITORY_TYPE, FIRE_ONCE_PER_RULE)
VALUES (1512300900000022, 21, 'com.nextlabs.smartclassifier.plugin.action.sharedfolders.skydrm.decrypt.SkyDRMDecryptFile', 'SKYDRM_DECRYPT_FILE (SHARED FOLDER)', 'Remove Protection (SkyDRM)', 'Decrypt given file(s) with NextLabs SkyDRM library.', 'SHARED FOLDER', 0)
-EOL-
INSERT INTO ACTION_PLUGIN_PARAMS (ID, ACTION_PLUGIN_ID, DISPLAY_ORDER, PARAM_TYPE, COLLECTIONS, KEY_VALUE, DATA_TYPE, LABEL, IDENTIFIER, FIXED_PARAMETER)
VALUES (1512301605200001, 1512300900000022, 1, 'P', 0, 0, 'Boolean', 'Delete original file', 'delete-original-file', 0)
-EOL-
INSERT INTO ACTION_PLUGIN_PARAMS (ID, ACTION_PLUGIN_ID, DISPLAY_ORDER, PARAM_TYPE, COLLECTIONS, KEY_VALUE, DATA_TYPE, LABEL, IDENTIFIER, FIXED_PARAMETER)
VALUES (1512301605200009, 1512300900000022, 2, 'P', 0, 0, 'Boolean', 'Overwrite if file exist in destination folder', 'overwrite', 0)
-EOL-
INSERT INTO ACTION_PLUGINS (ID, DISPLAY_ORDER, CLASS_NAME, NAME, DISPLAY_NAME, DESCRIPTION, REPOSITORY_TYPE, FIRE_ONCE_PER_RULE)
VALUES (1512300900000018, 17, 'com.nextlabs.smartclassifier.plugin.action.sharepoint.protect.EncryptFile', 'ENCRYPT_FILE (SHAREPOINT)', 'Protect', 'Encrypt given file(s) with NextLabs library.', 'SHAREPOINT', 0)
-EOL-
INSERT INTO ACTION_PLUGIN_PARAMS (ID, ACTION_PLUGIN_ID, DISPLAY_ORDER, PARAM_TYPE, COLLECTIONS, KEY_VALUE, DATA_TYPE, LABEL, IDENTIFIER, FIXED_PARAMETER)
VALUES (1512301618000001, 1512300900000018, 1, 'P', 0, 0, 'Boolean', 'Delete original file', 'delete-original-file', 0)
-EOL-
INSERT INTO ACTION_PLUGIN_PARAMS (ID, ACTION_PLUGIN_ID, DISPLAY_ORDER, PARAM_TYPE, COLLECTIONS, KEY_VALUE, DATA_TYPE, LABEL, IDENTIFIER, FIXED_PARAMETER)
VALUES (1512301618000002, 1512300900000018, 2, 'T', 1, 1, 'String', 'Metadata', 'tag', 0)
-EOL-
INSERT INTO ACTION_PLUGIN_PARAMS (ID, ACTION_PLUGIN_ID, DISPLAY_ORDER, PARAM_TYPE, COLLECTIONS, KEY_VALUE, DATA_TYPE, LABEL, IDENTIFIER, FIXED_PARAMETER)
VALUES (1512301618000003, 1512300900000018, 3, 'P', 0, 0, 'String', 'Project Name', 'project-name', 0)
-EOL-
INSERT INTO ACTION_PLUGINS (ID, DISPLAY_ORDER, CLASS_NAME, NAME, DISPLAY_NAME, DESCRIPTION, REPOSITORY_TYPE, FIRE_ONCE_PER_RULE)
VALUES (1512300900000019, 18, 'com.nextlabs.smartclassifier.plugin.action.sharepoint.removeprotection.DecryptFile', 'DECRYPT_FILE (SHAREPOINT)', 'Remove Protection', 'Decrypt NXL file(s) with NextLabs library.', 'SHAREPOINT', 0)
-EOL-
INSERT INTO ACTION_PLUGIN_PARAMS (ID, ACTION_PLUGIN_ID, DISPLAY_ORDER, PARAM_TYPE, COLLECTIONS, KEY_VALUE, DATA_TYPE, LABEL, IDENTIFIER, FIXED_PARAMETER)
VALUES (1512301619000001, 1512300900000019, 1, 'P', 0, 0, 'Boolean', 'Delete original file', 'delete-original-file', 0)
-EOL-
INSERT INTO ACTION_PLUGIN_PARAMS (ID, ACTION_PLUGIN_ID, DISPLAY_ORDER, PARAM_TYPE, COLLECTIONS, KEY_VALUE, DATA_TYPE, LABEL, IDENTIFIER, FIXED_PARAMETER)
VALUES (1512301619000002, 1512300900000019, 2, 'P', 0, 0, 'Boolean', 'Overwrite if file exist in destination folder', 'overwrite', 0)
-EOL-
INSERT INTO SYSTEM_CONFIG_GROUPS (ID, NAME, DESCRIPTION, DISPLAY_ORDER, EDITABLE, CREATED_ON)
VALUES (1512010900000012, 'SkyDRM Server', 'SkyDRM server settings', 10, 1, CONVERT (datetime2,'2015-12-01 09:00:00.000',120))
-EOL-
INSERT INTO SYSTEM_CONFIGS (ID, SYSTEM_CONFIG_GROUP_ID, DISPLAY_ORDER, LABEL, IDENTIFIER, VALUE, DESCRIPTION, CREATED_ON)
VALUES (1512010900000060, 1512010900000012, 1, 'SkyDRM Router URL', 'skydrm.config.routerURL', 'https://skydrm.com/router', 'Router URL for SkyDRM.', CONVERT (datetime2,GETDATE(),120))
-EOL-
INSERT INTO SYSTEM_CONFIGS (ID, SYSTEM_CONFIG_GROUP_ID, DISPLAY_ORDER, LABEL, IDENTIFIER, VALUE, DESCRIPTION, CREATED_ON)
VALUES (1512010900000061, 1512010900000012, 2, 'SkyDRM Application ID', 'skydrm.config.appID', '2', 'Application ID for SkyDRM.', CONVERT (datetime2,GETDATE(),120))
-EOL-
INSERT INTO SYSTEM_CONFIGS (ID, SYSTEM_CONFIG_GROUP_ID, DISPLAY_ORDER, LABEL, IDENTIFIER, VALUE, DESCRIPTION, CREATED_ON)
VALUES (1512010900000062, 1512010900000012, 3, 'SkyDRM Application Key', 'skydrm.config.appKey', '0123456789ABCDEF0123456789ABCDEF', 'Application Key for SkyDRM.', CONVERT (datetime2,GETDATE(),120))
-EOL-
INSERT INTO SYSTEM_CONFIGS (ID, SYSTEM_CONFIG_GROUP_ID, DISPLAY_ORDER, LABEL, IDENTIFIER, VALUE, DESCRIPTION, CREATED_ON)
VALUES (1512010900000063, 1512010900000012, 4, 'SkyDRM System Bucket', 'skydrm.config.skydrm.systemBucket', '95dac49e-31ae-4f15-b2aa-90f5046e35c6_system', 'SkyDRM System Bucket', CONVERT (datetime2,GETDATE(),120))
-EOL-
INSERT INTO SYSTEM_CONFIGS (ID, SYSTEM_CONFIG_GROUP_ID, DISPLAY_ORDER, LABEL, IDENTIFIER, VALUE, DESCRIPTION, CREATED_ON)
VALUES (1512010900000064, 1512010900000007, 3, 'Index username', 'isvr.username', 'scadmin', 'Username for login to indexer', CONVERT (datetime2,GETDATE(),120))
-EOL-
INSERT INTO SYSTEM_CONFIGS (ID, SYSTEM_CONFIG_GROUP_ID, DISPLAY_ORDER, LABEL, IDENTIFIER, VALUE, DESCRIPTION, CREATED_ON)
VALUES (1512010900000065, 1512010900000007, 4, 'Index password', 'isvr.password', '123blue!', 'Password for login to indexer', CONVERT (datetime2,GETDATE(),120))
-EOL-